species common name,species latin name,family,system,location,sample size,,%,conservation designation,secondary conservation,Red list category,trophic guild,migratory status,fish size [mm],life stage,journal,journal IF,study,
mulloway,Argyrosomus japonicus,Sciaenidae,marine,Australia,30,,,Y,MPA,EN,piscivory,resident,176,adult,"Estuarine, Coastal and Shelf Science",2.8,Becker et al. 2023,
dusky flathead,Platycephalus fuscus,Platycephalidae,marine,Australia,40,38,95,,,NE,piscivory,resident,229,juvenile,Fisheries Management and Ecology,2,Becker et al. 2023,
river blackfish,Gadopsis marmoratus,Percichthyidae,freshwater,Australia,27,,,Y,,LC,piscivory; invertivory,resident,317,adult,Restoration Ecology,3.2,O'Connor et al. 2023,
saratoga,Scleropages jardinii,Osteoglossidae,freshwater,Australia,24,24,100,N,PA,LC,invertivory,resident,457,adult,Environmental Biology of Fishes,1.6,Crook et al. 2023,
black bream,Hephaestus fuliginosus,Terapontidae,freshwater,Australia,26,26,100,N,PA,LC,omnivory,resident,289,adult,Environmental Biology of Fishes,1.6,Crook et al. 2023,
sharp-nose grunter,Syncomistes butleri,Terapontidae,freshwater,Australia,5,4,80,N,PA,LC,herbivory,resident,281,adult,Environmental Biology of Fishes,1.6,Crook et al. 2023,
black catfish,Neosilurus ater,Plotosidae,freshwater,Australia,9,8,89,N,PA,LC,invertivory,resident,256,,Environmental Biology of Fishes,1.6,Crook et al. 2023,
barred grunter,Amniataba percoides,Terapontidae,freshwater,Australia,8,5,63,N,PA,LC,omnivory,resident,118,,Environmental Biology of Fishes,1.6,Crook et al. 2023,
spangled perch,Leiopotherapon unicolor,Terapontidae,freshwater,Australia,6,1,17,N,PA,LC,omnivory,resident,106,,Environmental Biology of Fishes,1.6,Crook et al. 2023,
freshwater catfish,Tandanus tandanus,Plotosidae,freshwater,Australia,60,56,93,Y,,LC,piscivory; invertivory,resident,523,,Freshwater Biology,3.5,Carpenter-Bundhoo et al. 2023,
Murray cod,Maccullochella peelii,Percichthyidae,freshwater,Australia,40,36,90,Y,,LC,piscivory,resident,568,,Freshwater Biology,3.5,Carpenter-Bundhoo et al. 2023,
blue salmon catfish,Neoarius graeffei,Ariidae,freshwater,Australia,30,30,100,N,PA,LC,piscivory; invertivory,resident,436,adult,Estuaries and Coasts,2.8,Stoot et al. 2023,
Australian bass,Percalates novemaculeata,Percichthyidae,freshwater,Australia,9,9,100,Y,,LC,piscivory,catadromous,312,adult,Marine and Freshwater Research,1.8,Brown & Byrnes 2022,
yellowtail kingfish,Seriola lalandi,Carangidae,marine,Australia,17,,,N,PA,LC,piscivory; invertivory,resident,,,Marine Ecology Progress Series,2.6,Clarke et al. 2022,
yellowtail kingfish,Seriola lalandi,Carangidae,marine,Australia,40,37,93,N,PA,LC,piscivory; invertivory,resident,361,,Bulletin of Marine Science,1.632,Becker et al. 2021,
Eastern Freshwater Cod,Maccillochella ikei,Percichthyidae,freshwater,Australia,27,,,Y,,EN,piscivory; invertivory,resident,475,,Marine and Freshwater Research,1.8,Carpenter-Bundhoo et al. 2021,
freshwater catfish,Tandanus tandanus,Plotosidae,freshwater,Australia,31,,,Y,,LC,piscivory; invertivory,resident,501,,Marine and Freshwater Research,1.8,Carpenter-Bundhoo et al. 2021,
Grey reef shark,Carcharhinus amblyrhynchos,Carcharhinidae,marine,Australia,183,172,94,N,"MPA, PA",EN,piscivory; invertivory,resident,1900,,Fish and Fisheries,6.7,Ledee et al. 2021,
bull shark,Carcharhinus leucas,Carcharhinidae,marine,Australia,149,138,93,Y,,VU,piscivory,resident,4000,,Fish and Fisheries,6.7,Ledee et al. 2021,
blacktip reef shark,Carcharhinus melanopterus,Carcharhinidae,marine,Australia,173,167,97,N,PA,VU,piscivory,resident,1800,,Fish and Fisheries,6.7,Ledee et al. 2021,
dusky shark,Carcharhinus obscurus,Carcharhinidae,marine,Australia,86,75,87,Y,,EN,piscivory,resident,3500,,Fish and Fisheries,6.7,Ledee et al. 2021,
white shark,Carcharodon carcharias,Lamnidae,marine,Australia,233,214,92,Y,,VU,piscivory,resident,355.5,,Fish and Fisheries,6.7,Ledee et al. 2021,
tiger shark,Carcharias taurus,Carcharhinidae,marine,Australia,48,42,88,Y,,CR,piscivory,resident,6000,,Fish and Fisheries,6.7,Ledee et al. 2021,
school shark,Galeorhinus galeus,Triakidae,marine,Australia,29,15,52,Y,,CR,piscivory; invertivory,resident,1600,,Fish and Fisheries,6.7,Ledee et al. 2021,
yellowfin bream,Acanthopagrus australis,Sparidae,marine,Australia,124,112,90,Y,,LC,piscivory; invertivory,resident,300,,Fish and Fisheries,6.7,Ledee et al. 2021,
pink snapper,Chrysophrys auratus,Sparidae,marine,Australia,169,142,84,N,PA,LC,piscivory; invertivory,resident,1020,,Fish and Fisheries,6.7,Ledee et al. 2021,
Luderick,Girella tricuspidata,Girellidae,marine,Australia,66,56,85,,PA,NE,filter feeder; herbivory,resident,370,,Fish and Fisheries,6.7,Ledee et al. 2021,
Spangled emperor,Lethrinus nebulosus,Lethrinidae,marine,Australia,109,97,89,Y,,LC,piscivory; invertivory,resident,550,,Fish and Fisheries,6.7,Ledee et al. 2021,
Sand flathead,Platycephalus sp.,Platycephalidae,marine,Australia,17,7,41,,,NE,piscivory; invertivory,resident,340,,Fish and Fisheries,6.7,Ledee et al. 2021,
Bluespotted flathead,Platycephalus caeruleopunctatus,Platycephalidae,marine,Australia,61,48,79,,,NE,invertivory,resident,390,,Fish and Fisheries,6.7,Ledee et al. 2021,
yellowtail kingfish,Seriola lalandi,Carangidae,marine,Australia,44,40,91,N,PA,LC,piscivory; invertivory,resident,1250,,Fish and Fisheries,6.7,Ledee et al. 2021,
whale shark,Rhincodon typus,Rhincodontidae,marine,Australia,40,2,5,Y,,EN,piscivory,resident,,,Frontiers in Marine Science,3.7,Thomson et al. 2021,
dwarf sawfish,Pristis clavata,Pristidae,marine,Australia,17,17,100,Y,,CR,,resident,1592,,Aquatic Conservation: Marine and Freshwater Ecosystems,3.54,Morgan et al. 2021,
red emperor snapper,Lutjanus sebae,Lutjanidae,marine,Australia,389,66,17,Y,PA,LC,piscivory; invertivory,resident,483.5,,Proceedings of the National Academy of Sciences of the United States of america,12,Meekan et al. 2021,
reef manta ray,Mobula alfredi,Mobulidae,marine,Australia,42,34,81,Y,MPA,VU,filter feeder,resident,,adult,Ecology and Evolution,2.6,Armstrong et al. 2021,
silver perch,Bidyanus bidyanus,Terapontidae,freshwater,Australia,203,175,86,Y,,NT,omnivory,resident,265,adult; juveniles,Ecohydrology,2.6,Koster et al. 2021,
diamond muller,Planiliza ordensis,,freshwater,Australia,25,14,56,N,PA,LC,herbivory,resident,336,adult,Animal Migration,1.35,Saboret et al. 2021,
Bluespotted flathead,Platycephalus caeruleopunctatus,Platycephalidae,marine,Australia,48,,,,,NE,invertivory,resident,375,,Marine Ecology Progress Series,2.6,Puckeridge et al. 2021,
plotosid,Tandanus bostocki,Plotosidae,freshwater,Australia,50,,,N,,NT,,resident,387,,Ecohydrology,2.6,Storer et al. 2021,
largetooth sawfish,Pristis pristis,Pristidae,freshwater,Australia,10,3,30,Y,,CR,piscivory; invertivory,resident,1163,adult,Aquatic Conservation: Marine and Freshwater Ecosystems,3.54,Buckley et al. 2020,
freshwater cod,Maccillochella ikei,Percichthyidae,freshwater,Australia,13,12,92,Y,,EN,piscivory; invertivory,resident,441,adult,Scientific Reports,4.6,Carpenter-Bundhoo et al. 2020,
eel-tailed catfish,Tandanus tandanus,Plotosidae,freshwater,Australia,10,9,90,Y,,LC,piscivory; invertivory,resident,366,adult,Scientific Reports,4.6,Carpenter-Bundhoo et al. 2020,
Australian bass,Percalates novemaculeata,Percichthyidae,freshwater,Australia,11,11,100,Y,,LC,piscivory,catadromous,488,adult,Scientific Reports,4.6,Carpenter-Bundhoo et al. 2020,
Sand flathead,Platycephalus bassensis,Platycephalidae,marine,Australia,10,10,100,,MPA,NE,piscivory; invertivory,resident,312.5,,Science of Total Environment,9.8,Tracey et al. 2020,
black bream,Acanthopagrus butcheri,Sparidae,marine,Australia,20,20,100,Y,MPA,LC,omnivory,resident,361.5,,Science of Total Environment,9.8,Tracey et al. 2020,
brown trout,Salmo trutta,Salmonidae,marine,Australia,20,19,95,N,MPA,LC,piscivory; invertivory,anadromous,412.5,,Science of Total Environment,9.8,Tracey et al. 2020,
Mary River cod,Maccullochella mariensis,Percichthyidae,freshwater,Australia,24,17,71,Y,,EN,,resident,568,adult,Endangered Species Research,3,Espinoza et al. 2020,
cowtail stingray,Pastinachus ater,Dasyatidae,marine,Australia,7,7,100,N,,VU,,resident,390,adult,PlosONE,3.7,Martins et al. 2020,
freshwater catfish,Tandanus tandanus,Plotosidae,freshwater,Australia,20,20,100,Y,,LC,piscivory; invertivory,resident,522,adult,Ecology of Freshwater Fish,1.8,Carpenter-Bundhoo et al. 2020,
Murray cod,Maccullochella peelii,Percichthyidae,freshwater,Australia,10,10,100,Y,,LC,piscivory,resident,686,adult,Ecology of Freshwater Fish,1.8,Carpenter-Bundhoo et al. 2020,
leopard coralgrouper,Plectropomus leopardus,Serranidae,marine,Australia,38,36,95,Y,,LC,piscivory,resident,487.235,,Functional Ecology,5.2,Scott et al. 2019,
mulloway,Argyrosomus japonicus,Sciaenidae,marine,Australia,24,13,54,Y,,EN,piscivory,resident,622,juvenile,Coget Environmental Science,2.7,Lieschke 2019,
pink snapper,Chrysophrys auratus,Sparidae,marine,Australia,40,33,83,N,,LC,piscivory; invertivory,resident,,adult,Canadian Journal of Fisheries and Aquatic Sciences,2.5,Crisafulli et al. 2019,
flathead mullet,Mugil cephalus,Mugilidae,marine,Australia,141,,,Y,PA,LC,filter feeder,resident,,adult,Marine and Freshwater Research,1.8,Harding et al. 2019,
pinkeye mullet,Trachystoma petardi,Mugilidae,marine,Australia,28,,,N,,LC,herbivory,resident,,adult,Marine and Freshwater Research,1.8,Harding et al. 2019,
smooth hammerhead,Sphyrna zygaena,Sphyrnidae,marine,Azores,15,13,87,,,VU,piscivory,resident,1340,juvenile,Frontiers in Marine Science,3.7,Afonso et al. 2022,
yellowmouth barracuda,Sphyrna viridensis,Sphyraenidae,marine,Azores,17,13,76,N,PA,LC,piscivory,resident,840,,Marine Ecology Progress Series,2.6,Gandra et al. 2020,
a;maco jack,Seriola rivoliana,Carangidae,marine,Azores,16,16,100,Y,,LC,piscivory; invertivory,resident,697,,Marine Ecology Progress Series,2.6,Gandra et al. 2020,
bonefish,Albula vulpes,Albulidae,marine,Bahamas,2,2,100,Y,,NT,invertivory,resident,115.5,juvenile,Environmental Biology of Fishes,1.6,Szekeres et al. 2023,
great barracuda,Sphyraena barracuda,Sphyraenidae,marine,Bahamas,22,21,95,Y,,LC,piscivory,resident,183,juvenile,Environmental Biology of Fishes,1.6,Szekeres et al. 2023,
redfin needlefish,Strongylura notata,Belonidae,marine,Bahamas,21,21,100,N,,LC,piscivory,resident,273,juvenile,Environmental Biology of Fishes,1.6,Szekeres et al. 2023,
yellowfin mojarra,Gerres cinereus,Gerreidae,marine,Bahamas,20,19,95,N,,LC,invertivory,resident,81.5,juvenile,Environmental Biology of Fishes,1.6,Szekeres et al. 2023,
bonefish,Albula vulpes,Albulidae,marine,Bahamas,6,6,100,Y,,NT,invertivory,resident,484.5,,Aquatic Conservation: Marine and Freshwater Ecosystems,3.54,Adams et al. 2021,
bonefish,Albula vulpes,Albulidae,marine,Bahamas,10,4,40,Y,MPA,NT,invertivory,resident,420,adult,Marine Biology,2.5,Lombardo et al. 2020,
Nassau grouper,Epinephelus striatus,Epinephelidae,marine,Bahamas,45,43,96,Y,,CR,piscivory,resident,638.4,,Frontiers in Marine Science,3.7,Sherman et al. 2020,
bonefish,Albula vulpes,Albulidae,marine,Bahamas,10,7,70,Y,,NT,invertivory,resident,434,adult,Environmental Biology of Fishes,1.6,Adams et al. 2019,
Atlantic cod,Gadus morhua,Gadidae,marine,Belgium,15,14,93,N,PA,VU,piscivory,resident,447.5,adult,Environmental Pollution,8.9,van der Knaap et al. 2022,
Atlantic cod,Gadus morhua,Gadidae,marine,Belgium,27,27,100,N,,VU,piscivory,resident,380,,Animal Biotelemetry,2.7,van der Knaap et al. 2021,
gray reef shark,Carcharhinus amblyrhynchos,Carcharhinidae,marine,BIOT,102,,,N,"MPA, PA",EN,piscivory; invertivory,resident,1191.5,adult,Ecology and Evolution,2.6,Williamson et al. 2021,
silvertip shark,Carcharhinus albimarginatus,Carcharhinidae,marine,BIOT,75,,,N,,VU,piscivory,resident,1235.6,adult,Ecology and Evolution,2.6,Williamson et al. 2021,
blue marlin,Makaira nigricans,Istiophoridae,marine,BIOT,1,,,Y,MPA,VU,piscivory; invertivory,resident,,,Frontiers in Marine Science,3.7,Carlisle et al. 2019,
sailfish,Istiophorus platypterus,Istiophoridae,marine,BIOT,2,,,Y,MPA,VU,piscivory; invertivory,resident,222.5,,Frontiers in Marine Science,3.7,Carlisle et al. 2019,
silky shark,Carcharhinus falciformis,Carcharhinidae,marine,BIOT,2,,,Y,MPA,VU,piscivory,resident,194.5,,Frontiers in Marine Science,3.7,Carlisle et al. 2019,
yellowfin tuna,Thunnus albacares,Scombridae,marine,BIOT,3,,,Y,MPA,LC,piscivory,resident,102.3333333,,Frontiers in Marine Science,3.7,Carlisle et al. 2019,
reef manta ray,Mobula alfredi,Mobulidae,marine,BIOT,11,,,Y,MPA,VU,filter feeder,resident,250,,Frontiers in Marine Science,3.7,Carlisle et al. 2019,
silvertip shark,Carcharhinus albimarginatus,Carcharhinidae,marine,BIOT,7,,,N,MPA,VU,piscivory,resident,142,,Frontiers in Marine Science,3.7,Carlisle et al. 2019,
Arapaima,Arapaima spp.,Arapaimidae,freshwater,Brazil,24,14,58,Y,,DD,omnivory,resident,1310,,Environmental Biology of Fishes,1.6,Gurdak et al. 2022,
gray parrotfish,Sparisoma axillare,Scaridae,marine,Brazil,20,16,80,Y,,DD,herbivory,resident,253.5,,Marine Ecology Progress Series,2.6,Lippi et al. 2022,
Brazilian snapper,Lutjanus alexandrei,Lutjanidae,marine,Brazil,9,9,100,,,NE,,resident,224.7,,Marine Ecology Progress Series,2.6,Lippi et al. 2022,
redtail catfish,Phractocephalus hemioliopterus,Pimelodidae,freshwater,Brazil,121,92,76,,,NE,piscivory; invertivory,resident,614,,Scientific Reports,4.6,Hahn et al. 2019,
,Pseudoplatystoma punctifer,Pimelodidae,freshwater,Brazil,61,57,93,,,NE,,resident,555,,Scientific Reports,4.6,Hahn et al. 2019,
lake trout,Salvelinus namaycush,Salmonidae,freshwater,Canada,44,29,66,N,,NE,piscivory; invertivory,resident,,adult,Movement Ecology,2.5,Blanchfield et al. 2023,
eulachon,Thaleichthys pacificus,Osmeridae,freshwater,Canada,244,,,Y,,LC,invertivory,anadromous,184.45,adult,Transactions of the American Fisheries Society,1.4,Burns et al. 2023,
atlantic salmon,Salmo salar,Salmonidae,freshwater,Canada,144,104,72,N,,LC,piscivory; invertivory,anadromous,,juvenile,Journal of Marine Science and Engineering,2.9,Sanderson et al. 2023,
lake sturgeon,Acipenser fulvescens,Acipenseridae,freshwater,Canada,52,,,Y,,EN,invertivory,resident,973.8,adult,Environmental Biology of Fishes,1.6,McDonald & Haxton 2023,
white sturgeon,Acipenser transmontanus,Acipenseridae,freshwater,Canada,132,45,34,Y,,VU,piscivory; invertivory,anadromous,1828.7,adult,Endangered Species Research,3,Jetter et al. 2023,
muskellunge,Esox masquinongy,Esocidae,freshwater,Canada,23,18,78,N,,LC,piscivory,resident,715.9,,Hydrobiologia,2.6,Bergman et al. 2023,
Arctic char,Salvelinus alpinus,Salmonidae,freshwater,Canada,188,158,84,N,,LC,piscivory; invertivory,anadromous,725,adult,Canadian Journal of Fisheries and Aquatic Sciences,2.5,Munaweera et al. 2022,
Arctic char,Salvelinus alpinus,Salmonidae,marine,Canada,90,33,37,N,,LC,piscivory; invertivory,anadromous,716,adult,Journal of Fish Biology,2,Burke et al. 2022,
Arctic char,Salvelinus alpinus,Salmonidae,marine,Canada,110,34,31,N,,LC,piscivory; invertivory,anadromous,603,,Environmental Biology of Fishes,1.6,Hammer et al. 2022,
Greenland halibut,Reinhardtius hippoglossoides,Pleuronectidae,marine,Canada,255,224,88,,,NT,piscivory; invertivory,resident,690,,Canadian Journal of Fisheries and Aquatic Sciences,2.5,Lees et al. 2022,
lake whitefish,Coregonus clupeaformis,Salmonidae,freshwater,Canada,5,,0,N,,NE,invertivory,resident,584,,Environmental Biology of Fishes,1.6,Rodrigues et al. 2022,
Atlantic Bluefin tuna,Thunnus thynnus,Scombridae,marine,Canada,188,100,53,Y,,LC,piscivory,resident,251.5,,Frontiers in Marine Science,3.7,Whitlock et al. 2022,
striped bass ,Morone saxatilis,Moronidae,marine,Canada,69,,,Y,,LC,piscivory,resident,,,Frontiers in Marine Science,3.7,Bangley et al. 2022,
raibow trout,Oncorhynchus mykiss,Salmonidae,freshwater,Canada,51,42,82,N,,NE,piscivory; invertivory,anadromous,405.5,,Water Resources Research,5.4,Algera et al. 2022,
moutain whitefish,Prosopium williamsoni,Salmonidae,freshwater,Canada,41,19,46,N,,NE,invertivory,resident,404.5,,Water Resources Research,5.4,Algera et al. 2022,
Arctic char,Salvelinus alpinus,Salmonidae,marine,Canada,165,149,90,N,,LC,piscivory; invertivory,anadromous,709,adult,Journal of Fish Biology,2,Smith et al. 2022,
walleye,Sander vitreus,Percidae,freshwater,Canada,25,10,40,N,,LC,piscivory,resident,524.8,adult,Limnology and Oceanograpy,,Brooks et al. 2022,
smallmouth bass,Micropterus dolomieu,Centrarchidae,freshwater,Canada,68,,,N,,LC,piscivory,resident,276,adult,Environmental Pollution,8.9,van der Knaap et al. 2022,
rock bass,Ambloplites rupestris,Centrarchidae,freshwater,Canada,43,,,N,,LC,piscivory; invertivory,resident,183,adult,Environmental Pollution,8.9,van der Knaap et al. 2022,
largemouth bass,Micropterus salmonides,Centrarchidae,freshwater,Canada,7,,,N,,LC,piscivory,resident,355,adult,Environmental Pollution,8.9,van der Knaap et al. 2022,
white sucker,Catastomus commersoni,Catostomidae,freshwater,Canada,6,,,N,,LC,filter feeder; inventivory,resident,421,adult,Environmental Pollution,8.9,van der Knaap et al. 2022,
channel catfish,Ictalurus punctatus,Ictaluridae,freshwater,Canada,6,,,N,,LC,piscivory; invertivory,resident,312,adult,Environmental Pollution,8.9,van der Knaap et al. 2022,
nothern pike,Esox lucius,Esocidae,freshwater,Canada,4,,,N,,LC,piscivory,resident,594,adult,Environmental Pollution,8.9,van der Knaap et al. 2022,
walleye,Sander vitreus,Percidae,freshwater,Canada,3,,,N,,LC,piscivory,resident,306,adult,Environmental Pollution,8.9,van der Knaap et al. 2022,
round goby,Neogobius melanostomus,Gobiidae,freshwater,Canada,45,43,96,N,,,invertivory,resident,76.81,adult,Biological Invasions,3.1,Bergman et al. 2022,
atlantic salmon,Salmo salar,Salmonidae,freshwater,Canada,14,8,57,N,,LC,piscivory; invertivory,anadromous,,,Journal of Great Lakes Research,2.2,Larocque et al. 2022,
walleye,Sander vitreus,Percidae,freshwater,Canada,88,52,59,N,,LC,piscivory,resident,652,adult,Journal of Great Lakes Research,2.2,Elliot et al. 2022,
channel catfish,Ictalurus punctatus,Ictaluridae,freshwater,Canada,161,120,75,N,,LC,piscivory; invertivory,resident,705,adult,Canadian Journal of Fisheries and Aquatic Sciences,2.5,Hansen et al. 2022,
Arctic char,Salvelinus alpinus,Salmonidae,marine,Canada,110,,,N,,LC,piscivory; invertivory,anadromous,676,,Marine Ecology Progress Series,2.6,Hammer et al. 2022,
Greenland shark,Somniosus microcephalus,Somniosidae,marine,Canada,65,,,Y,,VU,piscivory,resident,2480,adult; juveniles,Canadian Journal of Fisheries and Aquatic Sciences,2.5,Edwards et al. 2022,
Pacific herring,Culpea pallasi,Culpeidae,marine,Canada,326,,,Y,,DD,invertivory,resident,,adult,Movement Ecology,2.5,Bishop & Bernard 2021,
atlantic salmon,Salmo salar,Salmonidae,freshwater,Canada,119,88,74,N,,LC,piscivory; invertivory,anadromous,153,juvenile,Animal Biotelemetry,2.7,Daniesl et al. 2021,
lake trout,Salvelinus namaycush,Salmonidae,freshwater,Canada,9,,,N,,NE,piscivory; invertivory,resident,,,Ecology and Evolution,2.6,Versteeg et al. 2021,
pike ,Esox lucius,Esocidae,freshwater,Canada,15,6,40,N,,LC,piscivory,resident,766,adult,North American Journal of Fisheries Management,1.1,Somers et al. 2021,
lake trout,Salvelinus namaycush,Salmonidae,freshwater,Canada,20,19,95,N,,NE,piscivory; invertivory,resident,785,adult,Journal of Great Lakes Research,2.2,Gatch et al. 2021,
lake trout,Salvelinus namaycush,Salmonidae,freshwater,Canada,30,24,80,N,,NE,piscivory; invertivory,resident,766,adult,Freshwater Biology,3.5,Ivanova et al. 2021,
atlantic salmon,Salmo salar,Salmonidae,freshwater,Canada,15,10,67,N,,LC,piscivory; invertivory,anadromous,755,adult,Frontiers in Animal Science,6.762,Stocwell et al. 2021,
lake trout,Salvelinus namaycush,Salmonidae,freshwater,Canada,50,42,84,N,,NE,piscivory; invertivory,resident,771,,Canadian Journal of Fisheries and Aquatic Sciences,2.5,Ivanova et al. 2021,
lake trout,Salvelinus namaycush,Salmonidae,freshwater,Canada,135,131,97,N,,NE,piscivory; invertivory,resident,,,Canadian Journal of Fisheries and Aquatic Sciences,2.5,Hubbard et al. 2021,
bloater,Coregonus hoyi,Salmonidae,freshwater,Canada,48,25,52,,,VU,invertivory,resident,191.6,,Journal of Fish Biology,2,Klinard et al. 2021,
atlantic salmon,Salmo salar,Salmonidae,freshwater,Canada,20,5,25,N,,LC,piscivory; invertivory,anadromous,,,Journal of Fish Biology,2,Klinard et al. 2021,
brown trout,Salmo trutta,Salmonidae,freshwater,Canada,18,16,89,N,,LC,piscivory; invertivory,anadromous,,,Journal of Fish Biology,2,Klinard et al. 2021,
Chinook salmon,Oncorhynchus tshawytscha,Salmonidae,freshwater,Canada,31,20,65,Y,,NE,piscivory; invertivory,anadromous,,,Journal of Fish Biology,2,Klinard et al. 2021,
Coho salmon,Oncorhynchus kisutch,Salmonidae,freshwater,Canada,16,13,81,,,NE,invertivory,anadromous,,,Journal of Fish Biology,2,Klinard et al. 2021,
rainbow trout,Oncorhynchus mykiss,Salmonidae,freshwater,Canada,17,12,71,N,,NE,piscivory; invertivory,anadromous,,,Journal of Fish Biology,2,Klinard et al. 2021,
lake trout,Salvelinus namaycush,Salmonidae,freshwater,Canada,55,50,91,N,,NE,piscivory; invertivory,resident,,,Journal of Fish Biology,2,Klinard et al. 2021,
stranded kokanee,Oncorhynchus nerka,Salmonidae,freshwater,Canada,88,25,28,Y,,LC,piscivory; invertivory,anadromous,183.5,,North American Journal of Fisheries Management,1.1,Algera et al. 2020,
bull trout,Salvelinus confluentus,Salmonidae,freshwater,Canada,99,32,32,Y,,VU,filter feeder; inventivory,anadromous,627.5,adult,River Research and Applications,2.2,Harrison et al. 2020,
lake trout,Salvelinus namaycush,Salmonidae,freshwater,Canada,39,14,36,N,,NE,piscivory; invertivory,resident,791,adult,River Research and Applications,2.2,Harrison et al. 2020,
bigmouth buffalo,Ictiobus cyprinellus,Catostomidae,freshwater,Canada,80,,,N,,LC,filter feeder,resident,,,Remote Sensing in Ecology and Conservation,5.5,Hansen et al. 2020,
channel catfish,Ictalurus punctatus,Ictaluridae,freshwater,Canada,161,,,N,,LC,piscivory; invertivory,resident,,,Remote Sensing in Ecology and Conservation,5.5,Hansen et al. 2020,
common carp,Cyprinus carpio,Cyprinidae,freshwater,Canada,40,,,N,,VU,invertivory,resident,,,Remote Sensing in Ecology and Conservation,5.5,Hansen et al. 2020,
freshwater drum,Aplodinotus grunniens,Sciaenidae,freshwater,Canada,81,,,N,,LC,piscivory; invertivory,resident,,,Remote Sensing in Ecology and Conservation,5.5,Hansen et al. 2020,
lake sturgeon,Acipenser fulvescens,Acipenseridae,freshwater,Canada,44,,,Y,,EN,invertivory,resident,,,Remote Sensing in Ecology and Conservation,5.5,Hansen et al. 2020,
walleye,Sander vitreus,Percidae,freshwater,Canada,357,,,N,,LC,piscivory,resident,,,Remote Sensing in Ecology and Conservation,5.5,Hansen et al. 2020,
lake sturgeon,Acipenser fulvescens,Acipenseridae,freshwater,Canada,30,30,100,Y,,EN,invertivory,resident,274,,North American Journal of Fisheries Management,1.1,Lacho et al. 2020,
lake sturgeon,Acipenser fulvescens,Acipenseridae,freshwater,Canada,33,30,91,Y,,EN,invertivory,resident,1075,adult,"Estuarine, Coastal and Shelf Science",2.8,Guenard et al. 2020,
white perch,Morone americana,Moronidae,freshwater,Canada,15,12,80,N,,LC,invertivory,resident,225,adult,"Estuarine, Coastal and Shelf Science",2.8,Guenard et al. 2020,
rainbow trout,Oncorhynchus mykiss,Salmonidae,freshwater,Canada,50,42,84,N,,NE,piscivory; invertivory,anadromous,205.5,juvenile,Animal Biotelemetry,2.7,Rechisky et al. 2020,
walleye,Sander vitreus,Percidae,freshwater,Canada,851,,,N,,LC,piscivory,resident,583,adult,Journal of Great Lakes Research,2.2,Matley et al. 2020,
bloater,Coregonus hoyi,Salmonidae,freshwater,Canada,74,70,95,,,VU,invertivory,resident,518,,Freshwater Biology,3.5,Klinard et al. 2020,
atlantic sturgeon,Acipenser oxyrinchus,Acipenseridae,marine,Canada,103,,,Y,,VU,invertivory,anadromous,1345,,Animal Biotelemetry,2.7,Lilly et al. 2020,
atlantic salmon,Salmo salar,Salmonidae,freshwater,Canada,100,96,96,N,,LC,piscivory; invertivory,anadromous,,juvenile,Freshwater Biology,3.5,Larocque et al. 2020,
arctic cod,Boreogadus saida,Gadidae,marine,Canada,85,77,91,,,NE,piscivory; invertivory,resident,199,,Ecological Applications,5,Ivanova et al. 2020,
white sturgeon,Acipenser transmontanus,Acipenseridae,freshwater,Canada,60,57,95,Y,,VU,piscivory; invertivory,anadromous,1956,adult; juveniles,Comparative Biochemistry and Physiology - Part A: Molecular and Integrative Physiology,2.3,McLean et al. 2020,
Arctic char,Salvelinus alpinus,Salmonidae,marine,Canada,28,26,93,N,,LC,piscivory; invertivory,anadromous,701,adult,Marine Ecology Progress Series,2.6,Harris et al. 2020,
sockeye salmon,Oncorhynchus nerka,Salmonidae,freshwater,Canada,151,,,Y,,LC,piscivory; invertivory,anadromous,130.5,juvenile,Canadian Journal of Fisheries and Aquatic Sciences,2.5,Bass et al. 2020,
rainbow trout,Oncorhynchus mykiss,Salmonidae,freshwater,Canada,62,50,81,N,,NE,piscivory; invertivory,anadromous,498,,Canadian Journal of Fisheries and Aquatic Sciences,2.5,Roloson et al. 2020,
atlantic sturgeon,Acipenser oxyrinchus,Acipenseridae,marine,Canada,368,27,7,Y,,VU,invertivory,anadromous,,adult,Canadian Journal of Fisheries and Aquatic Sciences,2.5,Kazyak et al. 2020,
Arctic char,Salvelinus alpinus,Salmonidae,marine,Canada,190,185,97,N,,LC,piscivory; invertivory,anadromous,389,,Canadian Journal of Fisheries and Aquatic Sciences,2.5,Mulder et al. 2020,
bloater,Coregonus hoyi,Salmonidae,freshwater,Canada,48,23,48,,,VU,invertivory,resident,191.6,,Journal of Fish Biology,2,Klinard et al. 2019,
bluefin tuna,Thunnus thynnus,Scombridae,marine,Canada,128,101,79,Y,,LC,piscivory,resident,2480,,Scientific Reports,4.6,Block et al. 2019,
atlantic salmon,Salmo salar,Salmonidae,freshwater,Canada,50,41,82,N,,LC,piscivory; invertivory,anadromous,,juvenile,Animal Biotelemetry,2.7,Daniels et al. 2019,
Arctic char,Salvelinus alpinus,Salmonidae,marine,Canada,30,21,70,N,,LC,piscivory; invertivory,anadromous,423,,Hydrobiologia,2.6,Mulder et al. 2019,
white sturgeon,Acipenser transmontanus,Acipenseridae,freshwater,Canada,7,7,100,Y,,VU,piscivory; invertivory,anadromous,195.4,,Fisheries Research,2.4,McLean et al. 2019,
sockeye salmon,Oncorhynchus nerka,Salmonidae,freshwater,Canada,299,,,Y,,LC,piscivory; invertivory,anadromous,110.5,,Transactions of the American Fisheries Society,1.4,Stevenson et al. 2019,
lake trout,Salvelinus namaycush,Salmonidae,freshwater,Canada,36,36,100,N,,NE,piscivory; invertivory,resident,418,adult,Journal of Animal Ecology,4.8,Cruz-Font et al. 2019,
walleye,Sander vitreus,Percidae,freshwater,Canada,25,15,60,N,,LC,piscivory,resident,517,,Journal of Great Lakes Research,2.2,Brooks et al. 2019,
rainbow trout,Oncorhynchus mykiss,Salmonidae,freshwater,Canada,71,30,42,N,,NE,piscivory; invertivory,anadromous,490,,Canadian Journal of Fisheries and Aquatic Sciences,2.5,Watson et al. 2019,
lake trout,Salvelinus namaycush,Salmonidae,freshwater,Canada,9,8,89,N,,NE,piscivory; invertivory,resident,571,,Arctic Science,3.3,Gallagher et al. 2019,
shorthorn sculpin,Myoxocephalus scorpius,Cottidae,marine,Canada,25,17,68,,,NE,piscivory; invertivory,resident,278,,Canadian Journal of Fisheries and Aquatic Sciences,2.5,Landry et a 2019,
arctic cod,Boreogadus saida,Gadidae,marine,Canada,85,77,91,,,NE,piscivory; invertivory,resident,191,,Canadian Journal of Fisheries and Aquatic Sciences,2.5,Landry et a 2019,
blacktip shark,Carcharhinus limbatus,Carcharhinidae,marine,Caribbean,198,88,44,Y,,VU,piscivory,resident,520,juvenile,Marine Ecology ,2.9,Legare et al. 2020,
lemon shark,Negaprion brevirostris,Carcharhinidae,marine,Caribbean,130,45,35,Y,,VU,piscivory,resident,620,juvenile,Marine Ecology ,2.9,Legare et al. 2020,
horse-eye jack,Caranx latus,Carangidae,marine,Caribbean,11,8,73,N,,LC,piscivory; invertivory,resident,608,,Animal Biotelemetry,2.7,Novak et al. 2020,
southern stingray,Hypanus americanus,Dasyatidae,marine,Caribbean,4,4,100,N,,NT,invertivory,resident,730,,Scientific Reports,4.6,Matley et al. 2019,
lane snapper,Lutjanus synagris,Lutjanidae,marine,Caribbean,2,2,100,Y,,NT,invertivory,resident,310,,Scientific Reports,4.6,Matley et al. 2019,
mangrove snapper,Lutjanus griseus,Lutjanidae,marine,Caribbean,1,1,100,Y,,LC,piscivory; invertivory,resident,440,,Scientific Reports,4.6,Matley et al. 2019,
mutton snapper,Lutjanus analis,Lutjanidae,marine,Caribbean,1,1,100,Y,,NT,piscivory; invertivory,resident,390,,Scientific Reports,4.6,Matley et al. 2019,
Atlantic tarpon,Megalops atlanticus,Megalopidae,marine,Caribbean,1,1,100,N,,VU,piscivory,resident,850,,Scientific Reports,4.6,Matley et al. 2019,
Nassau grouper,Epinephelus striatus,Epinephelidae,marine,Cayman Islands,82,20,24,Y,,CR,piscivory,resident,662.9,adult,Marine Ecology Progress Series,2.6,Blincow et al. 2020,
common carp,Cyprinus carpio,Cyprinidae,freshwater,China,9,8,89,N,,VU,invertivory,resident,352,adult,Water ,3.4,Zhang et al. 2020,
nothern pike,Esox lucius,Esocidae,freshwater,Czech Republic,12,12,100,N,,LC,piscivory,resident,785.9,adult,Freshwater Biology,3.5,Jaric et al. 2022,
wels catfish,Silurus glanis,Siluridae,freshwater,Czech Republic,15,15,100,N,,LC,piscivory,resident,385.4,adult,Freshwater Biology,3.5,Jaric et al. 2022,
tench,Tinca tinca,Cyprinidae,freshwater,Czech Republic,19,19,100,N,,LC,invertivory,resident,468.3,adult,Freshwater Biology,3.5,Jaric et al. 2022,
rudd,Scardinus erythrophtalmus,Cyprinidae,freshwater,Czech Republic,15,15,100,N,,LC,herbivory,resident,1178.6,adult,Freshwater Biology,3.5,Jaric et al. 2022,
pike ,Esox lucius,Esocidae,freshwater,Czech Republic,30,,,N,,LC,piscivory,resident,790,adult,Scientific Reports,4.6,Riha et al. 2021,
turbot,Scophthalmus maximus,Scophthalamidae,marine,Denmark,33,33,100,Y,,LC,invertivory,resident,443,adult,Journal of Sea Research,2,Baden et al. 2022,
European flounder,Platichthys flesus,Pleuronectidae,marine,Denmark,27,26,96,N,PA,LC,piscivory; invertivory,resident,332,adult,Journal of Sea Research,2,Baden et al. 2022,
atlantic salmon,Salmo salar,Salmonidae,freshwater,Denmark,66,66,100,N,,LC,piscivory; invertivory,anadromous,750,adult,Scientific Reports,4.6,Birnie-Gauvin et al. 2019,
seatrout,Salmo trutta,Salmonidae,marine,Denmark,72,72,100,N,,LC,piscivory; invertivory,anadromous,650,adult,Scientific Reports,4.6,Birnie-Gauvin et al. 2019,
round goby,Neogobius melanostomus,Gobiidae,marine,Denmark,50,14,28,N,,LC,invertivory,resident,159,adult,Fisheries Management and Ecology,2,Christoffersen et al. 2019,
north sea houting,Coregonus oxyrinchus,Salmonidae,freshwater,Denmark,78,56,72,Y,,EX,invertivory,anadromous,427,adult,Canadian Journal of Fisheries and Aquatic Sciences,2.5,Hertz et al. 2019,
asp,Aspius aspius,Cyprinidae,freshwater,Estonia,54,53,98,N,EU-Berne Convention,LC,piscivory,resident,664,adult,Environmental Biology of Fishes,1.6,Kargenberg et al. 2022,
asp,Leuciscus aspius,Cyprinidae,freshwater,Estonia,54,,,N,Habitat directive,LC,piscivory,resident,664,adult,Journal of Fish Biology,2,Kragenberg et al. 2020,
atlantic salmon,Salmo salar,Salmonidae,freshwater,Estonia,38,28,74,N,,LC,piscivory; invertivory,anadromous,,juvenile,Fisheries Management and Ecology,2,Kargenberg et al. 2020,
brown trout,Salmo trutta,Salmonidae,freshwater,Falkland,25,12,48,N,,LC,piscivory; invertivory,anadromous,360,,Evolutionary Applications,4.1,Minett et al. 2021,
sea bream,Sparus aurata,Sparidae,marine,France,81,72,89,N,,LC,piscivory,resident,272,adult,"Estuarine, Coastal and Shelf Science",2.8,Mignucci et al. 2023,
European seabass,Dicentrarchus labrax,Moronidae,marine,France,59,58,98,N,,LC,piscivory,resident,383,adult,"Estuarine, Coastal and Shelf Science",2.8,Mignucci et al. 2023,
salema,Sarpa salpa,Sparidae,marine,France,86,81,94,N,,LC,herbivory,resident,279,adult,"Estuarine, Coastal and Shelf Science",2.8,Mignucci et al. 2023,
brown meagre,Sciaena umbra,Sciaenidae,marine,France,20,20,100,Y,Conventions,NT,piscivory; invertivory,resident,,juvenile,Marine Environmental Research,3.3,Ducos et al. 2022,
common dentex,Dentex dentex,Sparidae,marine,France,20,14,70,Y,,VU,piscivory; invertivory,resident,,juvenile,Marine Environmental Research,3.3,Ducos et al. 2022,
European eel,Anguilla anguilla,Anguillidae,freshwater,France,182,84,46,Y,,CR,piscivory,catadromous,721,adult,Journal for Nature Conservation,2,Borgeaux et al. 2022,
pikeperch,Sander lucioperca,Percidae,freshwater,France,36,25,69,N,,LC,piscivory,resident,419,adult,Hydroecologie Appliquee,1.43,Roy et al. 2021,
pike,Esox lucius,Esocidae,freshwater,France,27,10,37,N,,LC,piscivory,resident,527,adult,Hydroecologie Appliquee,1.43,Roy et al. 2021,
perch,Perca fluviatilis,Percidae,freshwater,France,27,19,70,N,,LC,piscivory; invertivory,resident,403,adult,Hydroecologie Appliquee,1.43,Roy et al. 2021,
European eel,Anguilla anguilla,Anguillidae,freshwater,France,16,13,81,Y,,CR,piscivory,catadromous,,,Ecology of Freshwater Fish,1.8,Trancart et al. 2020,
seabream,Sparus aurata,Sparidae,marine,France,56,27,48,N,,LC,piscivory,resident,260,,Aquaculture Environment Interactions,2.2,Richard et al. 2020,
undulate ray,Raja undulata,Rajidae,marine,France,144,136,94,N,,EN,piscivory; invertivory,resident,640,,Ocean and Coastal Management,4.6,Morfin et al. 2019,
atlantic salmon,Salmo salar,Salmonidae,freshwater,France,100,60,60,N,,LC,piscivory; invertivory,anadromous,150.9,juvenile,Ecological Engineering,3.8,Tetard et al. 2019,
gery reef shark,Carcharhinus amblyrhynchos,Carcharhinidae,marine,French Polynesia,38,33,87,N,"MPA, PA",EN,piscivory; invertivory,resident,1410,,Journal of Animal Ecology,4.8,Papastamatiou et al. 2021,
,Albula glossodonta,Albulidae,marine,French Polynesia,43,32,74,Y,,VU,invertivory,resident,530,,Environmental Biology of Fishes,1.6,Filous et al. 2020,
camouflage grouper,Epinephelus polyphekadion,Epinephelidae,marine,French Polynesia,37,12,32,Y,PA,VU,piscivory; invertivory,resident,489,,Coral Reefs,3.8,Mourier et al. 2019,
common carp,Cyprinus carpio,Cyprinidae,freshwater,Germany,122,36,30,N,,VU,invertivory,resident,540,adult,Movement Ecology,2.5,Monk et al. 2023,
barbel,Barbus barbus,Cyprinidae,freshwater,Germany,22,20,91,N,,LC,invertivory,resident,498,adult,Movement Ecology,2.5,Mawer et al. 2023,
grayling,Thymallus thymallus,Salmonidae,freshwater,Germany,25,11,44,N,,LC,invertivory,resident,367,adult,Movement Ecology,2.5,Mawer et al. 2023,
pike ,Esox lucius,Esocidae,marine,Germany,316,210,66,N,,LC,piscivory,resident,764,adult,Fisheries Research,2.4,Dhellemmes et al. 2023,
pike ,Esox lucius,Esocidae,freshwater,Germany,50,,,N,,LC,piscivory,resident,550,,Proceedings of the National Academy of Sciences of the United States of america,12,Monk et al. 2021,
pike ,Esox lucius,Esocidae,freshwater,Germany,160,114,71,N,,LC,piscivory,resident,480,adult,Journal of Animal Ecology,4.8,Monk et al. 2020,
wels catfish,Silurus glanis,Siluridae,freshwater,Germany,33,,,N,,LC,piscivory,resident,1202.2,adult,Journal of Animal Ecology,4.8,Monk et al. 2020,
yellowfin tuna,Tunnus albacares,Scombridae,marine,Guinea,20,20,100,Y,,LC,piscivory,resident,560,,Fisheries Research,2.4,Tollotti et al. 2020,
bigeye tuna,Tunnus obesus,Scombridae,marine,Guinea,23,21,91,Y,,VU,piscivory,resident,530,,Fisheries Research,2.4,Tollotti et al. 2020,
skipjack tuna,Katsuwonus pelamis,Scombridae,marine,Guinea,7,7,100,Y,,LC,piscivory,resident,470,,Fisheries Research,2.4,Tollotti et al. 2020,
silky shark,Carcharhinus falciformis,Carcharhinidae,marine,Guinea,18,4,22,Y,,VU,piscivory,resident,1102,,Fisheries Research,2.4,Tollotti et al. 2020,
rainbow runner,Elagatis bipinnulata,Carangidae,marine,Guinea,19,19,100,N,,LC,piscivory; invertivory,resident,362,,Fisheries Research,2.4,Tollotti et al. 2020,
oceanic tiggerfish,Canthidermis maculata,Balistidae,marine,Guinea,20,16,80,N,,LC,filter feeder; inventivory,resident,578,,Fisheries Research,2.4,Tollotti et al. 2020,
crimson jibfish,Pristipomoides filamentosus,Lutjanidae,marine,Hawaii,179,168,94,Y,,LC,piscivory; invertivory,resident,455,,Fishery Bulletin,0.8,Scherrer & Weng 2020,
reef manta ray,Mobula alfredi,Mobulidae,marine,Indonesia,27,25,93,Y,MPA,VU,filter feeder,resident,3215,adult,Animal Behaviour,2.5,Perryman et al. 2022,
atlantic salmon,Salmo salar,Salmonidae,freshwater,Ireland,59,42,71,N,,LC,piscivory; invertivory,anadromous,163,juvenile,Journal of Fish Biology,2,Kennedy et al. 2022,
brown trout,Salmo trutta,Salmonidae,freshwater,Ireland,80,73,91,N,,LC,piscivory; invertivory,anadromous,409.5,adult,Biology and Environment,0.73,Kennedy et al. 2021,
atlantic salmon,Salmo salar,Salmonidae,freshwater,Ireland,100,80,80,N,,LC,piscivory; invertivory,anadromous,147.6,juvenile,Fisheries Management and Ecology,2,Barry et al. 2020,
brown trout,Salmo trutta,Salmonidae,freshwater,Ireland,6,6,100,N,,LC,piscivory; invertivory,anadromous,260,,Aquatic Sciences,2.7,Barry et al. 2020,
dace,Leuciscus leuciscus,Cyprinidae,freshwater,Ireland,6,6,100,N,,LC,invertivory,resident,194,,Aquatic Sciences,2.7,Barry et al. 2020,
atlantic salmon,Salmo salar,Salmonidae,freshwater,Ireland,68,,,N,,LC,piscivory; invertivory,anadromous,137.2333333,,Ecology of Freshwater Fish,1.8,Newton et al. 2019,
common lionfish,Pterois miles,Scorpaenidae,marine,Israel,11,8,73,N,,LC,piscivory,resident,251,,Frontiers in Marine Science,3.7,Gavriel et al. 2021,
rainbow trout,Oncorhynchus mykiss,Salmonidae,freshwater,Italy,12,,,N,,NE,piscivory; invertivory,anadromous,298.9,,Animals,3,Zupa et al. 2021,
common carp,Cyprinus carpio,Cyprinidae,freshwater,Japan,21,10,48,N,,VU,invertivory,resident,,,Animal Biotelemetry,2.7,Yoshida & Mabuchi 2023,
black sea bream,Acathopagrus schlegelii,Sparidae,marine,Japan,23,18,78,N,,LC,omnivory,resident,425,adult,Fisheries Science,1.8,Takakura et al. 2023,
Gin-buna crucian carp,Carassius sp.,Cyprinidae,freshwater,Japan,3,3,100,N,,NE,omnivory,resident,41.3,adult,Ichthyological Research,1,Yoshida et al. 2023,
Pacific herring,Culpea pallasi,Culpeidae,marine,Japan,71,49,69,Y,,DD,invertivory,resident,238,,Fisheries Research,2.4,Tomiyasu et al. 2021,
blue humphead parrotfish,Scarus ovifrons,Labridae,marine,Japan,5,4,80,N,PA,DD,,resident,598,,Journal of Fish Biology,2,Gomi et al. 2021,
black rockfish,Sebastes schlegelii,Sebastidae,marine,Japan,10,10,100,N,,NE,invertivory,resident,305.5,adult,Journal of Marine Science and Technology (Taiwan),0.46,Kuroda et al. 2021,
masu salmon,Oncorhynchus masou,Salmonidae,freshwater,Japan,5,5,100,N,,EN,piscivory; invertivory,anadromous,465,adult,Journal of Fish Biology,2,Ohkuma et al. 2020,
longtail red snapper,Etelis coruscans,Lutjanidae,marine,Japan,8,6,75,Y,,LC,invertivory,resident,495,juvenile,Fisheries Science,1.8,Okuyama et al. 2019,
manta ray,Mobula birostris,Mobulidae,marine,Mexico,66,48,73,Y,,EN,filter feeder,resident,,,Marine Biology,2.5,Dominigues-Sanchez et al. 2023,
Munky's pygmy devil ray,Mobula munkiana,Mobulidae,marine,Mexico,7,7,100,N,International protection laws,VU,filter feeder; inventivory,resident,608.5,adult; juveniles,Scientific Reports,4.6,Palacios et al. 2021,
reef manta ray,Mobula alfredi,Mobulidae,marine,Mozambique,42,36,86,Y,,VU,filter feeder,resident,,adult; juveniles,Marine Ecology Progress Series,2.6,Venables et al. 2020,
giant trevally,Caranx ignobilis,Carangidae,marine,Mozambique,30,25,83,N,,LC,piscivory,resident,822,adult,Marine Ecology Progress Series,2.6,Daly et al. 2019,
roach,Rutilius rutilus,Cyprinidae,freshwater,Netherlands,20,18,90,N,,LC,omnivory,resident,261,adult,Movement Ecology,2.5,van Leeuven et al. 2023,
common bream,Abramis brama,Cyprinidae,freshwater,Netherlands,18,16,89,N,,LC,omnivory,resident,398,adult,Movement Ecology,2.5,van Leeuven et al. 2023,
ide,Leuciscus idus,Cyprinidae,freshwater,Netherlands,12,10,83,N,,LC,omnivory,resident,281,adult,Movement Ecology,2.5,van Leeuven et al. 2023,
pikeperch,Sander lucioperca,Percidae,freshwater,Netherlands,20,19,95,N,,LC,piscivory,resident,435,adult,Movement Ecology,2.5,van Leeuven et al. 2023,
perch,Perca fluviatilis,Percidae,freshwater,Netherlands,20,15,75,N,,LC,piscivory; invertivory,resident,261,adult,Movement Ecology,2.5,van Leeuven et al. 2023,
European eel,Anguilla anguilla,Anguillidae,freshwater,Netherlands,305,127,42,Y,,CR,piscivory,catadromous,800,adult,River Research and Applications,2.2,van Keeken et al. 2023,
sea lamprey,Petromyzon marinus,Petromyzontidae,marine,Netherlands,25,25,100,N,,LC,parasitic; filter feeders,anadromous,785,adult,River Research and Applications,2.2,Griffioen et al. 2022,
European eel,Anguilla anguilla,Anguillidae,marine,Netherlands,93,91,98,Y,,CR,piscivory,catadromous,724.3333333,adult,Fisheries Management and Ecology,2,van Keeken et al. 2021,
pikeperch,Sander lucioperca,Percidae,marine,Netherlands,50,50,100,N,,LC,piscivory,resident,520,,Journal of Coastal Conservation,2.2,Breve et al. 2019,
,Plectropomus leopardus,Serranidae,marine,New Caledonia,10,4,40,Y,,LC,piscivory,resident,495,,Environmental Biology of Fishes,1.6,Chateau & Wantiez 2021,
,Chlorurus microrhinos,Scaridae,marine,New Caledonia,10,5,50,N,PA,LC,herbivory,resident,385,,Environmental Biology of Fishes,1.6,Chateau & Wantiez 2021,
,Scarus ghobban,Scaridae,marine,New Caledonia,10,5,50,N,,LC,invertivory,resident,390,,Environmental Biology of Fishes,1.6,Chateau & Wantiez 2021,
shortfin eel,Anguilla australis,Anguillidae,freshwater,New Zealand,25,21,84,N,,NT,omnivory,catadromous,901.6,,Science of Total Environment,9.8,Baker et al. 2020,
brown trout,Salmo trutta,Salmonidae,freshwater,Norway,31,30,97,N,,LC,piscivory; invertivory,anadromous,540,adult,Movement Ecology,4.3,Dahlmo et al. 2023,
Atlantic cod,Gadus morhua,Gadidae,marine,Norway,135,,,N,,VU,piscivory,resident,635,adult,ICES Journal of Marine Science,3.5,McQueen et al. 2023,
Arctic char,Salvelinus alpinus,Salmonidae,marine,Norway,48,45,94,N,,LC,piscivory; invertivory,anadromous,220,adult,Marine Ecology Progress Series,2.6,Nordli et al. 2023,
brown trout,Salmo trutta,Salmonidae,marine,Norway,49,49,100,N,,LC,piscivory; invertivory,anadromous,426.5,,Journal of Fish Biology,2,Davidsen et al. 2023,
Arctic char,Salvelinus alpinus,Salmonidae,marine,Norway,21,21,100,N,,LC,piscivory; invertivory,anadromous,332,,Journal of Fish Biology,2,Davidsen et al. 2023,
Atlantic cod,Gadus morhua,Gadidae,marine,Norway,231,181,78,N,,VU,piscivory,resident,584,adult,ICES Journal of Marine Science,3.5,Mcqueen et al. 2022,
Atlantic cod,Gadus morhua,Gadidae,marine,Norway,566,544,96,N,PA,VU,piscivory,resident,463.5,,Evolutionary Applications,4.1,Villegas-Rios et al. 2022,
atlantic salmon,Salmo salar,Salmonidae,marine,Norway,444,173,39,N,,LC,piscivory; invertivory,anadromous,145,juvenile,ICES Journal of Marine Science,3.5,Jansen et al. 2022,
atlantic salmon,Salmo salar,Salmonidae,freshwater,Norway,20,8,40,N,,LC,piscivory; invertivory,anadromous,143,juvenile,Ecology of Freshwater Fish,1.8,Hanssen et al. 2022,
atlantic salmon,Salmo salar,Salmonidae,freshwater,Norway,45,22,49,N,,LC,piscivory; invertivory,anadromous,147.9,juvenile,Canadian Journal of Fisheries and Aquatic Sciences,2.5,Nash et al. 2022,
brown trout,Salmo trutta,Salmonidae,freshwater,Norway,27,21,78,N,,LC,piscivory; invertivory,anadromous,513,adult,Canadian Journal of Fisheries and Aquatic Sciences,2.5,Nash et al. 2022,
Atlantic cod,Gadus morhua,Gadidae,marine,Norway,558,535,96,N,PA,VU,piscivory,resident,658,adult,Aquaculture Environment Interactions,2.2,Skjaeraasen et al. 2022,
brown trout,Salmo trutta,Salmonidae,freshwater,Norway,74,73,99,N,,LC,piscivory; invertivory,anadromous,238,,Ecohydrology,2.6,Lennox et al 2022,
atlantic salmon,Salmo salar,Salmonidae,freshwater,Norway,6,5,83,N,,LC,piscivory; invertivory,anadromous,469,adult,Animal Biotelemetry,2.7,Alfredsen et al. 2021,
brown trout,Salmo trutta,Salmonidae,freshwater,Norway,16,14,88,N,,LC,piscivory; invertivory,anadromous,484,adult,Animal Biotelemetry,2.7,Alfredsen et al. 2021,
atlantic salmon,Salmo salar,Salmonidae,marine,Norway,23,21,91,N,,LC,piscivory; invertivory,anadromous,,,Aquacultural Engineering,4,Ulvund et al. 2021,
Atlantic cod,Gadus morhua,Gadidae,marine,Norway,75,,,N,,VU,piscivory,resident,480,,Journal of Animal Ecology,4.8,Freitas et al. 2021,
pollack,Pollachius pollachius,Gadidae,marine,Norway,19,,,N,,LC,piscivory,resident,400,,Journal of Animal Ecology,4.8,Freitas et al. 2021,
ballan wrasse,Labrus bergylta,Labridae,marine,Norway,17,,,N,,LC,invertivory,resident,350,,Journal of Animal Ecology,4.8,Freitas et al. 2021,
brown trout,Salmo trutta,Salmonidae,marine,Norway,116,96,83,N,,LC,piscivory; invertivory,anadromous,337,adult,Evolutionary Applications,4.1,Thorbjorsen et al. 2021,
Atlantic cod,Gadus morhua,Gadidae,marine,Norway,51,37,73,N,,VU,piscivory,resident,393,,Current Biology,9.2,van der Knaap et al. 2021,
brown trout,Salmo trutta,Salmonidae,marine,Norway,160,158,99,N,,LC,piscivory; invertivory,anadromous,481,,Journal of Fish Diseases,2.5,Lennox et al. 2020,
brown trout,Salmo trutta,Salmonidae,marine,Norway,145,143,99,N,,LC,piscivory; invertivory,anadromous,180,,Marine Ecology Progress Series,2.6,Serra-Llinares et al. 2020,
Atlantic cod,Gadus morhua,Gadidae,marine,Norway,70,48,69,N,,VU,piscivory,resident,460,,Molecular Ecology,4.9,Barth et al. 2019,
brown trout,Salmo trutta,Salmonidae,marine,Norway,60,57,95,N,,LC,piscivory; invertivory,anadromous,340,,Ecology and Evolution,2.6,Thorbjorsen et al. 2019,
giant mottled eel,Anguilla marmorata,Anguillidae,freshwater,Philippines,79,68,86,N,PA,LC,piscivory,catadromous,545.5,,Aquatic Conservation: Marine and Freshwater Ecosystems,3.541,Piper et al. 2022,
thersher shark,Alopias pelagicus,Alopiidae,marine,Philippines,14,10,71,Y,,EN,piscivory; invertivory,resident,,adult; juveniles,Biological Conservation,5.9,Olivier et al. 2019,
brown trout,Salmo trutta,Salmonidae,freshwater,Poland,31,22,71,N,,LC,piscivory; invertivory,anadromous,335.2,,Fisheries and Aquatic Life,0.46,Mierzejewska et al. 2022,
common stingray,Dasyatis pastinaca,Dasyatidae,marine,Portugal,31,25,81,N,MPA,VU,invertivory,resident,340,adult,Ocean and Coastal Management,4.6,Kraft et al. 2023,
white bream,Diplodus sargus,Sparidae,marine,Portugal,35,33,94,N,MPA,LC,invertivory,resident,298.5,,ICES Journal of Marine Science,3.5,De Benito-Abello et al. 2022,
Nassau grouper,Epinephelus striatus,Epinephelidae,marine,Puerto Rico,29,26,90,Y,,CR,piscivory,resident,652,adult,Aquatic Conservation: Marine and Freshwater Ecosystems,3.541,Touhy et al. 2023,
bonefish,Albula vulpes,Albulidae,marine,Puerto Rico,43,43,100,Y,,NT,invertivory,resident,520.5,adult,Environmental Biology of Fishes,1.6,Griffin et al. 2023,
bonefish,Albula vulpes,Albulidae,marine,Puerto Rico,29,29,100,Y,,NT,invertivory,resident,530,,Marine Biology,2.5,Brownscombe et al. 2019,
giant trevally,Caranx ignobilis,Carangidae,marine,Republic of Seychelles,17,14,82,N,MPA,LC,piscivory,resident,823.2,adult; juveniles,Marine Ecology Progress Series,2.6,Daly et al. 2022,
skipjack,Katsuwonus pelamis,Scombridae,marine,Republic of Seychelles,17,13,76,Y,,LC,piscivory,resident,490,,Fisheries Oceanography,2.6,Govinden et al. 2021,
yellowfin,Thunnus albacares,Scombridae,marine,Republic of Seychelles,31,27,87,Y,,LC,piscivory,resident,620,,Fisheries Oceanography,2.6,Govinden et al. 2021,
bigeye,Thunnus obesus,Scombridae,marine,Republic of Seychelles,8,6,75,Y,,VU,piscivory,resident,535,,Fisheries Oceanography,2.6,Govinden et al. 2021,
yellowfin tuna,Thunnus albacares,Scombridae,marine,Republic of Seychelles,30,27,90,Y,,LC,piscivory,resident,645,adult; juveniles,Fisheries Research,2.4,Filous et al. 2020,
shoemaker spinefoot,Siganus sutor,Siganidae,marine,Republic of Seychelles,25,15,60,N,,LC,herbivory,resident,240.5,adult,Journal of Fish Biology,2,Ebrahim et al. 2020,
humphead wrasse,Cheilinus undulatus,Labridae,marine,Republic of Seychelles,20,19,95,Y,,EN,piscivory; invertivory,resident,979.5,adult,Endangered Species Research,3,Daly et al. 2020,
bonefish,Albula glossodonta,Albulidae,marine,Republic of Seychelles,30,16,53,Y,,VU,invertivory,resident,,,Environmental Biology of Fishes,1.6,Moxham et al. 2019,
European catfish,Silurus glanis,Siluridae,freshwater,Romania,1,1,100,N,,LC,piscivory,resident,2000,adult,International Review of Hydrobiology,1.9,Lenhardt et al. 2021,
beluga sturgeon,Huso huso,Acipenseridae,freshwater,Romania,23,23,100,Y,,CR,piscivory; invertivory,anadromous,2145,adult,Turkish Journal of Zoology,0.8,Hont et al. 2019,
stellate sturgeon,Acipenser stellatus,Acipenseridae,freshwater,Romania,21,21,100,Y,,CR,piscivory; invertivory,anadromous,1135,adult,Turkish Journal of Zoology,0.8,Hont et al. 2019,
atlantic salmon,Salmo salar,Salmonidae,freshwater,Scotland,125,49,39,N,,LC,piscivory; invertivory,anadromous,145.47,juvenile,Environmental Biology of Fishes,1.6,Lilly et al. 2022,
atlantic salmon,Salmo salar,Salmonidae,marine,Scotland,120,,,N,,LC,piscivory; invertivory,anadromous,144.3,juvenile,ICES Journal of Marine Science,3.5,Newton et al. 2021,
brown trout,Salmo trutta,Salmonidae,marine,Scotland,33,32,97,N,,LC,piscivory; invertivory,anadromous,336.7,,Ecology of Freshwater Fish,1.8,Honkanen et al. 2020,
giant trevally,Caranx ignobilis,Carangidae,marine,South Africa,4,4,100,N,MPA,LC,piscivory,resident,916,adult,Zoo Biology ,1.3,Mann et al. 2023,
spotted grunter,Pomadasys commersonnii,Haemulidae,marine,South Africa,7,7,100,N,PA,LC,piscivory; invertivory,resident,645,adult,African Journal of Marine Science,1.2,Ziko et al. 2023,
blue stingray,Dasyatis chrysonota,Dasyatidae,marine,South Africa,27,25,93,N,MPA,NT,piscivory; invertivory,resident,555,adult,Biodiversity and Conservation,3.7,Elston et al. 2023,
white shark,Carcharodon carcharias,Lamnidae,marine,South Africa,19,,,Y,,VU,piscivory,resident,2731,,Animal Biotelemetry,2.7,Gennari et al. 2022,
catface rockcod,Mycteroperca andersoni,Epinephelidae,marine,South Africa,20,11,55,N,MPA,NT,piscivory; invertivory,resident,,,African Journal of Marine Science,1.2,Mann et al. 2022,
flathead mullet,Mugil cephalus,Mugilidae,marine,South Africa,6,,,Y,PA,LC,filter feeder,resident,328,,"Estuarine, Coastal and Shelf Science",2.8,Bornman et al. 2021,
dusky grouper,Epinephelus marginatus,Epinephelidae,marine,Spain,16,14,88,Y,,VU,piscivory,resident,7400,adult,Journal of Environmental Management,8.7,Perenizguez et al. 2023,
thornback skate,Raja clavata,Rajidae,marine,Spain,14,9,64,N,MPA,NT,piscivory; invertivory,resident,347.9,,Aquatic Living Resources,1.3,Papadopoulo et al. 2023,
blonde skate,Raja brachyura,Rajidae,marine,Spain,3,3,100,N,,NT,piscivory; invertivory,resident,420,,"Estuarine, Coastal and Shelf Science",2.8,Alonso-Fernandez et al. 2022,
thornback skate,Raja clavata,Rajidae,marine,Spain,14,9,64,N,,NT,piscivory; invertivory,resident,348,,"Estuarine, Coastal and Shelf Science",2.8,Alonso-Fernandez et al. 2022,
undulata skate,Raja undulata,Rajidae,marine,Spain,2,2,100,N,,EN,piscivory; invertivory,resident,390,,"Estuarine, Coastal and Shelf Science",2.8,Alonso-Fernandez et al. 2022,
small-spotted catshark,Scyliorhinus canicula,Scyliorhinidae,marine,Spain,18,14,78,N,,LC,piscivory; invertivory,resident,557.5,,"Estuarine, Coastal and Shelf Science",2.8,Alonso-Fernandez et al. 2022,
undulata skate,Raja undulata,Rajidae,marine,Spain,44,43,98,N,,EN,piscivory; invertivory,resident,751,,Aquatic Conservation: Marine and Freshwater Ecosystems,3.541,Leeb et al. 2021,
pearly razorfish,Xyrichtys novacula,Labridae,marine,Spain,320,232,73,N,PA,LC,invertivory,resident,167.5,adult,Frontiers in Marine Science,3.7,Aspillaga et al. 2021,
striped red mullet,Mullus surmuletus,Mullidae,marine,Spain,1,1,100,N,PA,LC,piscivory; invertivory,resident,210,,Marine and Freshwater Behaviour and Physiology,1,Mucientes et al. 2021,
corkwing wrasse,Symphodus melops,Labridae,marine,Spain,1,1,100,N,PA,LC,invertivory,resident,250,,Marine and Freshwater Behaviour and Physiology,1,Mucientes et al. 2021,
pollack,Pollachius pollachius,Gadidae,marine,Spain,1,1,100,N,,LC,piscivory,resident,330,,Marine and Freshwater Behaviour and Physiology,1,Mucientes et al. 2021,
white seabream,Diplodus sargus,Sparidae,marine,Spain,1,1,100,N,PA,LC,invertivory,resident,280,,Marine and Freshwater Behaviour and Physiology,1,Mucientes et al. 2021,
atlantic salmon,Salmo salar,Salmonidae,freshwater,Spain,120,91,76,N,,LC,piscivory; invertivory,anadromous,,,Ecology of Freshwater Fish,1.8,Flavio et al. 2021,
pike ,Esox lucius,Esocidae,marine,Sweden,198,,,N,,LC,piscivory,resident,624.25,adult,Fisheries Research,2.4,Flink et al. 2023,
European eel,Anguilla anguilla,Anguillidae,freshwater,Sweden,98,90,92,Y,,CR,piscivory,catadromous,800,adult,Journal of Fish Biology,2,Kjaeras et al. 2023,
atlantic salmon; brown trout,Salmo salar; Salmo trutta,Salmonidae,freshwater,Sweden,80,72,90,N,,LC,piscivory; invertivory,anadromous,,,River Research and Applications,2.2,Leander et al. 2023,
atlantic salmon,Salmo salar,Salmonidae,freshwater,Sweden,89,56,63,N,,LC,piscivory; invertivory,anadromous,203,juvenile,Ecological Engineering,3.8,Leander et al. 2021,
Eurasian perch,Perca fluviatilis,Percidae,freshwater,Sweden,44,44,100,N,,LC,piscivory; invertivory,resident,166,,Science of Total Environment,9.8,Fahlman et al. 2020,
atlantic salmon,Salmo salar,Salmonidae,freshwater,Sweden,260,,,N,,LC,piscivory; invertivory,anadromous,403.8333333,,Sustainability,3.9,Vikstrom et al. 2020,
brown trout,Salmo trutta,Salmonidae,freshwater,Sweden,27,,,N,,LC,piscivory; invertivory,anadromous,421,,Sustainability,3.9,Vikstrom et al. 2020,
brown trout,Salmo trutta,Salmonidae,freshwater,Sweden,42,33,79,N,,LC,piscivory; invertivory,anadromous,,,Frontiers in Ecology and Evolution,3,Shry et al. 2019,
atlantic salmon,Salmo salar,Salmonidae,freshwater,Sweden,40,32,80,N,,LC,piscivory; invertivory,anadromous,218.8,juvenile,Science of Total Environment,9.8,Klaminder et al. 2019,
Atlantic cod,Gadus morhua,Gadidae,marine,Sweden,48,39,81,N,,VU,piscivory,resident,298,juvenile,Ecology and Evolution,2.6,Staveley et al. 2019,
Giant Freshwater Whipray,Urogymnus polylepis,Dasyatidae,freshwater,Thailand,22,,,Y,,EN,invertivory,resident,2650,adult; juveniles,Water,3.4,Haetrakul et al. 2023,
,Bagarius yarrelli,Sisoridae,freshwater,Thailand,10,9,90,N,PA,VU,,resident,960,,Water ,3.4,Naughton et al. 2021,
Asian red tailed catfish,Hemibargus wyckioides,Bagridae,freshwater,Thailand,5,4,80,N,,LC,piscivory; invertivory,resident,821,,Water ,3.4,Naughton et al. 2021,
Bocourt's catfish,Pangasius bocourti,Pangasiidae,freshwater,Thailand,2,2,100,N,,LC,herbivory,resident,850,,Water ,3.4,Naughton et al. 2021,
,Wallago attu,Siluridae,freshwater,Thailand,2,2,100,N,,VU,piscivory,resident,902.5,,Water ,3.4,Naughton et al. 2021,
Pa pho,Pangasius conchophilus,Pangasiidae,freshwater,Thailand,1,1,100,N,,LC,piscivory; invertivory,resident,750,,Water ,3.4,Naughton et al. 2021,
giant catfish,Pangasianodon gigas,Pangasiidae,freshwater,Thailand,4,4,100,Y,,CR,filter feeder,resident,458.75,juvenile,Aquaculture Science,0.185,Yokoyama et al. 2021,
black scorpionfish,Scorpena porcus,Scorpaenidae,marine,Turkey,14,11,79,N,,LC,piscivory; invertivory,resident,233,,Fisheries Research,2.4,Ozgul et al. 2019,
red scorpionfish,Scorpena scorfa,Scorpaenidae,marine,Turkey,7,7,100,N,,LC,piscivory; invertivory,resident,321,,Fisheries Research,2.4,Ozgul et al. 2019,
European eel,Anguilla anguilla,Anguillidae,freshwater,UK,63,44,70,Y,,CR,piscivory,catadromous,630,adult,Journal of Environmental Management,8.7,Carter et al. 2023,
river lamprey,Lampetra fluviatilis,Petromyzontidae,freshwater,UK,120,,,Y,,LC,parasitic; filter feeders,anadromous,,adult,Anthropocene,3.6,Jubb et al. 2023,
river lamprey,Lampetra fluviatilis,Petromyzontidae,freshwater,UK,103,,,Y,,LC,parasitic; filter feeders,anadromous,362,adult,Fisheries Research,2.4,Jubb et al. 2023,
twaite shad,Alosa fallax,Culpeidae,freshwater,UK,173,125,72,Y,,LC,omnivory; inventivory,anadromous,362.8,adult,Canadian Journal of Fisheries and Aquatic Sciences,2.5,Davies et al. 2023,
twaite shad,Alosa fallax,Culpeidae,freshwater,UK,173,71,41,Y,,LC,omnivory; inventivory,anadromous,,adult,Hydrobiologia,2.6,Yeldham et al. 2023,
river lamprey,Lampetra fluviatilis,Petromyzontidae,freshwater,UK,34,32,94,Y,,LC,parasitic; filter feeders,anadromous,,adult,Ecological Modelling,3.1,Kerr et al. 2023,
sea lamprey,Petromyzon marinus,Petromyzontidae,freshwater,UK,60,56,93,N,,LC,parasitic; filter feeders,anadromous,839.5,adult,Freshwater Biology,3.5,Davies et al. 2022,
European bass,Dicentrarchus labrax,Moronidae,marine,UK,146,134,92,N,,LC,piscivory,resident,315.6666667,adult; juveniles,ICES Journal of Marine Science,3.5,Stamp et al. 2021,
sea lamprey,Petromyzon marinus,Petromyzontidae,freshwater,UK,60,56,93,N,,LC,parasitic; filter feeders,anadromous,839.5,adult,Aquatic Conservation: Marine and Freshwater Ecosystems,3.54,Davies et al. 2021,
common bream,Abramis brama,Cyprinidae,freshwater,UK,181,57,31,N,,LC,omnivory,resident,399.8333333,adult,Freshwater Biology,3.5,Winter et al. 2021,
common bream,Abramis brama,Cyprinidae,freshwater,UK,19,8,42,N,,LC,omnivory,resident,411,adult,Ecosphere,2.7,Winter et al. 2021,
common bream,Abramis brama,Cyprinidae,freshwater,UK,181,57,31,N,,LC,omnivory,resident,400,adult,Journal of Fish Biology,2,Winter et al. 2020,
pike ,Esox lucius,Esocidae,freshwater,UK,45,23,51,N,,LC,piscivory,resident,734,adult,Journal of Fish Biology,2,Winter et al. 2020,
European eel,Anguilla anguilla,Anguillidae,freshwater,UK,110,99,90,Y,,CR,piscivory,catadromous,837.3333333,adult,Fisheries Research,2.4,Piper et al. 2020,
twaite shad,Alosa fallax,Culpeidae,freshwater,UK,73,58,79,Y,,LC,omnivory; inventivory,anadromous,395,adult,Aquatic Conservation: Marine and Freshwater Ecosystems,3.541,Davies et al. 2020,
European eel,Anguilla anguilla,Anguillidae,freshwater,UK,104,91,88,Y,,CR,piscivory,catadromous,887.4,,Aquatic Sciences,2.7,Basic et al. 2019,
twaite shad,Alosa fallax,Culpeidae,freshwater,UK,25,25,100,Y,,LC,omnivory; inventivory,anadromous,354,,Fisheries Research,2.4,Bolland et al. 2019,
barbel,Barbus barbus,Cyprinidae,freshwater,UK,22,18,82,N,,LC,invertivory,resident,556.6,,Hydrobiologia,2.6,Gutmann Roberts et al. 2019,
European eel,Anguilla anguilla,Anguillidae,freshwater,UK,50,41,82,Y,,CR,piscivory,catadromous,639,adult,Ecological Engineering,3.8,Piper et al. 2019,
European eel,Anguilla anguilla,Anguillidae,freshwater,UK,26,17,65,Y,,CR,piscivory,catadromous,670,,Fisheries Management and Ecology,2,Bolland et al. 2019,
Atlantic tarpon,Megalops atlanticus,Megalopidae,marine,USA,200,109,55,N,,VU,piscivory,resident,132800,adult,Marine Biology,2.5,Griffin et al. 2023,
common carp,Cyprinus carpio,Cyprinidae,freshwater,USA,34,34,100,N,,VU,invertivory,resident,622,adult,Movement Ecology,2.5,Raboin et al. 2023,
grass carp,Ctenopharyngodon idella ,Xenocyprididae,freshwater,USA,50,23,46,N,,LC,herbivory,resident,909,adult,Journal of Great Lakes Research,2.2,Harris et al. 2021,additional
cisco,Coregonus artedi,Salmonidae,freshwater,USA,210,,,N,,LC,invertivory,anadromous,159,juvenile,Scientific Reports,4.6,Koeberle et al. 2023,
whitefish,Coregonus clupeaformis,Salmonidae,freshwater,USA,91,,,N,,NE,invertivory,resident,,,Journal of Great Lakes Research,2.2,Kraus et al. 2023,not able to reach the paper yet
lake trout,Salvelinus namaycush,Salmonidae,freshwater,USA,211,176,83,N,,NE,piscivory; invertivory,resident,716,adult,Transactions of the American Fisheries Society,1.4,Funnel et al. 2023,
atlantic sturgeon,Acipenser oxyrinchus,Acipenseridae,marine,USA,147,79,54,Y,,VU,invertivory,anadromous,1640,adult,Transactions of the American Fisheries Society,1.4,Denison et al. 2023,
atlantic goliath grouper,Epinephelus itajara,Epinephelidae,marine,USA,50,50,100,Y,,VU,piscivory; invertivory,resident,1609,adult,Fishes,2.4,Ellis et al. 2023,
finetooth,Carcharhinus isodon,Carcharhinidae,marine,USA,61,55,90,Y,,NT,piscivory,resident,104000,adult; juveniles,PlosONE,3.7,Reyier et al. 2023,
blacknose,Carcharhinus acronotus,Carcharhinidae,marine,USA,60,57,95,Y,,EN,piscivory,resident,96000,adult; juveniles,PlosONE,3.7,Reyier et al. 2023,
Atlantic sharpnose shark,Rhizoprionodon terraenovae,Carcharhinidae,marine,USA,44,38,86,Y,,LC,piscivory,resident,74000,adult; juveniles,PlosONE,3.7,Reyier et al. 2023,
scalloped hammerhead,Sphyrna lewini,Sphyrnidae,marine,USA,39,39,100,Y,,CR,piscivory,resident,45000,juvenile,PlosONE,3.7,Reyier et al. 2023,
lemon shark,Negaprion brevirostris,Carcharhinidae,marine,USA,30,30,100,Y,,VU,piscivory,resident,87000,juvenile,PlosONE,3.7,Reyier et al. 2023,
walleye,Sander vitreus,Percidae,freshwater,USA,132,57,43,N,,LC,piscivory,resident,,adult,Journal of Great Lakes Research,2.2,Elliot et al. 2023,
American eel,Anguilla rostrata,Anguillidae,freshwater,USA,5,,,Y,,EN,piscivory; invertivory,catadromous,729,adult,ICES Journal of Marine Science,3.5,Burliuk et al. 2023,
spot,Leiostomus xanthurus,Sciaenidae,freshwater,USA,25,,,N,,LC,invertivory,resident,169.3,juvenile,Estuaries and Coasts,2.8,Craig et al. 2023,
red drum,Sciaenops ocellatus,Sciaenidae,marine,USA,30,26,87,Y,,LC,piscivory; invertivory,resident,91.95,adult,Fishes,2.4,Baker et al. 2023,
lake sturgeon,Acipenser fulvescens,Acipenseridae,freshwater,USA,283,52,18,Y,,EN,invertivory,resident,,adult,Oecologia,3,Buchinger et al. 2023,
lake sturgeon,Acipenser fulvescens,Acipenseridae,freshwater,USA,15,15,100,Y,,EN,invertivory,resident,92.75,,North American Journal of Fisheries Management,1.1,Shaw et al. 2023,
walleye,Sander vitreus,Percidae,freshwater,USA,20,,,N,,LC,piscivory,resident,679,adult,Journal of Great Lakes Research,2.2,Elliot et al. 2023,
smallmouth bass,Micropterus dolomieu,Centrarchidae,freshwater,USA,19,8,42,N,,LC,piscivory,resident,453,adult,Journal of Great Lakes Research,2.2,Slagle & Faust 2023,
permit,Trachinotus falcatus,Carangidae,marine,USA,17,13,76,N,,LC,piscivory; invertivory,resident,636,,Environmental Biology of Fishes,1.6,Boucek et al. 2023,
Chinook salmon,Oncorhynchus tshawytscha,Salmonidae,freshwater,USA,56,51,91,Y,,NE,piscivory; invertivory,anadromous,856.5,,Ecological Engineering,3.8,Twardek et al. 2023,
lake trout,Salvelinus namaycush,Salmonidae,freshwater,USA,189,,,N,,NE,piscivory; invertivory,resident,714,adult,Journal of Great Lakes Research,2.2,Binder et al. 2023,
grass carp,Ctenopharyngodon idella ,Xenocyprididae,freshwater,USA,86,38,44,N,,LC,herbivory,resident,716.25,adult,North American Journal of Fisheries Management,1.1,Hessler et al. 2023,
white shark,Carcharodon carcharias,Lamnidae,marine,USA,326,30,9,Y,,VU,piscivory,resident,3879.85,adult; juveniles,Frontiers in Marine Science,3.7,Kanive et al. 2023,
Nassau grouper,Epinephelus striatus,Epinephelidae,marine,USA,24,22,92,Y,MPA,CR,piscivory,resident,632,adult,Frontiers in Marine Science,3.7,Nemeth et al. 2023,
common carp,Cyprinus carpio,Cyprinidae,freshwater,USA,102,89,87,N,,VU,invertivory,resident,636.9,adult,Aquatic Sciences,2.7,Piczak et al. 2023,
atlantic salmon,Salmo salar,Salmonidae,freshwater,USA,1482,,,N,,LC,piscivory; invertivory,anadromous,188,juvenile,Canadian Journal of Fisheries and Aquatic Sciences,2.5,Molina-Moctezuma et al. 2022,
Chinook salmon,Oncorhynchus tshawytscha,Salmonidae,freshwater,USA,750,,,Y,,NE,piscivory; invertivory,anadromous,81.3,juvenile,Canadian Journal of Fisheries and Aquatic Sciences,2.5,Hause et al. 2022,
common snook,Centropomus undecimalis,Centropomidae,freshwater,USA,206,173,84,Y,,LC,piscivory,amphidromus,690,adult,Movement Ecology,4.3,Massie et al. 2022,
red snapper,Lutjanus campechanus,Lutjanidae,marine,USA,141,34,24,Y,,VU,piscivory; invertivory,resident,404,,Scientific Reports,4.6,Bohaboy et al. 2022,
gray triggerfish,Balistes capriscus,Balistidae,marine,USA,26,15,58,Y,,VU,invertivory,resident,426,,Scientific Reports,4.6,Bohaboy et al. 2022,
Chinook salmon,Oncorhynchus tshawytscha,Salmonidae,freshwater,USA,795,,,Y,,NE,piscivory; invertivory,anadromous,,,Environmental Biology of Fishes,1.6,Dodrill et al. 2022,
green sturgeon,Acipenser medirostris,Acipenseridae,marine,USA,31,,,Y,,EN,invertivory,anadromous,413,juvenile,Environmental Biology of Fishes,1.6,Thomas et al. 2022,
striped bass ,Morone saxatilis,Moronidae,marine,USA,74,72,97,N,,LC,piscivory,resident,283,juvenile,Environmental Biology of Fishes,1.6,Le Doux-Bloom et al. 2022,
Flathead catfish,Pylodictis olivaris,Ictaluridae,freshwater,USA,2,2,100,N,,LC,piscivory,resident,,adult,Northeastern Naturalist,0.4,Burundage & Park 2022,
atlantic sturgeon,Acipenser oxyrinchus,Acipenseridae,marine,USA,181,146,81,Y,,VU,invertivory,anadromous,,,Animal Behaviour,2.5,Roose et al. 2022,
tiger shark,Carcharias taurus,Carcharhinidae,marine,USA,207,201,97,Y,,CR,piscivory,resident,,,Animal Behaviour,2.5,Roose et al. 2022,
common snook,Centropomus undecimalis,Centropomidae,freshwater,USA,76,45,59,Y,,LC,piscivory,amphidromus,655,,Estuaries and Coasts,2.8,Rehage et al. 2022,
smallmouth bass,Micropterus dolomieu,Centrarchidae,freshwater,USA,17,13,76,N,,LC,piscivory,resident,382,adult,Frontiers in Ecology and Evolution,3,Bloomfield et al. 2022,
lake trout,Salvelinus namaycush,Salmonidae,freshwater,USA,17,14,82,N,,NE,piscivory; invertivory,resident,424,adult,Frontiers in Ecology and Evolution,3,Bloomfield et al. 2022,
bull shark,Carcharhinus leucas,Carcharhinidae,marine,USA,29,24,83,Y,,VU,piscivory,resident,1115,juvenile,Marine Ecology Progress Series,2.6,Edwards et al. 2022,
rainbow trout,Oncorhynchus mykiss,Salmonidae,freshwater,USA,67,,,N,,NE,piscivory; invertivory,anadromous,369,,North American Journal of Fisheries Management,1.1,Olivier et al. 2022,
silver carp,Hypophthalmichthys molitrix ,Xenocyprididae,freshwater,USA,300,201,67,N,,NT,filter feeder,resident,700.95,adult,Biological Invasions,3.1,Coulter et al. 2022,
tarpon,Megalops atlanticus,Megalopidae,marine,USA,68,,,N,,VU,piscivory,resident,1118.4,adult; juveniles,Ecological Applications,5,Griffin et al. 2022,
permit,Trachinotus falcatus,Carangidae,marine,USA,116,,,N,,LC,piscivory; invertivory,resident,610.8,adult; juveniles,Ecological Applications,5,Griffin et al. 2022,
great hammerhead,Sphyrna mokarran,Sphyrnidae,marine,USA,42,,,Y,,CR,piscivory,resident,2535.75,adult; juveniles,Ecological Applications,5,Griffin et al. 2022,
bull shark,Carcharhinus leucas,Carcharhinidae,marine,USA,31,,,Y,,VU,piscivory,resident,2271.85,adult; juveniles,Ecological Applications,5,Griffin et al. 2022,
green sturgeon,Acipenser medirostris,Acipenseridae,marine,USA,350,151,43,Y,,EN,invertivory,anadromous,1726,,Ecosphere,2.7,Colborne et al. 2022,
Chinook salmon,Oncorhynchus tshawytscha,Salmonidae,freshwater,USA,2212,,,Y,,NE,piscivory; invertivory,anadromous,96.4,juvenile,North American Journal of Fisheries Management,1.1,Hassrick et al. 2022,
permit,Trachinotus falcatus,Carangidae,marine,USA,150,127,85,N,,LC,piscivory; invertivory,resident,681,adult; juveniles,Journal of Applied Ecology,5.7,Brownscombe et al. 2022,
Chinook salmon,Oncorhynchus tshawytscha,Salmonidae,freshwater,USA,650,121,19,Y,,NE,piscivory; invertivory,anadromous,76.6,juvenile,PlosONE,3.7,Holleman et al. 2022,
gray triggerfish,Balistes capriscus,Balistidae,marine,USA,56,49,88,Y,,VU,invertivory,resident,395,adult,Fishery Bulletin,0.8,McKinzie & Szedlmayer 2022,
greater amberjack,Seriola dumerili,Carangidae,marine,USA,78,,,Y,,LC,piscivory; invertivory,resident,803,,Fishery Bulletin,0.8,Boyle et al. 2022,
paddlefish,Polyodon spathula,Polyodontidae,freshwater,USA,121,,,Y,,VU,filter feeder,resident,,,PeerJ Computere Science,3.8,Turney et al. 2022,
lake sturgeon,Acipenser fulvescens,Acipenseridae,freshwater,USA,35,,,Y,,EN,invertivory,resident,,adult,Canadian Journal of Fisheries and Aquatic Sciences,2.5,Izzo et al. 2022,
Atlantic tarpon,Megalops atlanticus,Megalopidae,marine,USA,57,,,N,,VU,piscivory,resident,1314.5,adult; juveniles,Marine Ecology Progress Series,2.6,Griffin et al. 2022,
Chinook salmon,Oncorhynchus tshawytscha,Salmonidae,freshwater,USA,2662,,,Y,,NE,piscivory; invertivory,anadromous,98.4875,juvenile,Canadian Journal of Fisheries and Aquatic Sciences,2.5,Hance wt al. 2022,
blue catfish,Ictalurus furcatus,Ictaluridae,marine,USA,61,,,N,,LC,piscivory; invertivory,resident,950,,Canadian Journal of Fisheries and Aquatic Sciences,2.5,Bunch et al. 2022,
yellow perch,Perca flavescens,Percidae,freshwater,USA,60,,,N,,LC,piscivory; invertivory,resident,,juvenile,Canadian Journal of Fisheries and Aquatic Sciences,2.5,Matley et al. 2022,couldn't reach the paper
lake sturgeon,Acipenser fulvescens,Acipenseridae,freshwater,USA,205,158,77,Y,,EN,invertivory,resident,1487,,Journal of Great Lakes Research,2.2,Colborne et al. 2021,
,,Serranidae,marine,USA,61,,,,,,,resident,,,Animal Biotelemetry,2.7,Keller et al. 2021,
,,Lutjanidae,marine,USA,44,,,,,,,resident,,,Animal Biotelemetry,2.7,Keller et al. 2021,
striped bass ,Morone saxatilis,Moronidae,marine,USA,59,,,N,,LC,piscivory,resident,524,adult; juveniles,Frontiers in Marine Science,3.7,Taylor et al. 2021,
cowcod,Sebastes levis,Sebastidae,marine,USA,47,28,60,N,PA,NE,,resident,614,,ICES Journal of Marine Science,3.5,Wegner et al. 2021,
bocaccio,Sebastes paucispinis,Sebastidae,marine,USA,41,37,90,N,PA,CR,piscivory,resident,535,,ICES Journal of Marine Science,3.5,Wegner et al. 2021,
sunset rockfish,Sebastes crocotulus,Sebastidae,marine,USA,13,10,77,N,PA,NE,,resident,510,,ICES Journal of Marine Science,3.5,Wegner et al. 2021,
bank rockfish,Sebastes rufus,Sebastidae,marine,USA,13,9,69,N,PA,NE,,resident,407,,ICES Journal of Marine Science,3.5,Wegner et al. 2021,
bighead carp,Hypophthalmichthys spp.,Cyprinidae,freshwater,USA,363,302,83,N,,NT,filter feeder,resident,960.8333333,adult,Biological Invasions,3.1,Vallazza et al. 2021,
Chinook salmon,Oncorhynchus tshawytscha,Salmonidae,freshwater,USA,650,96,15,Y,,NE,piscivory; invertivory,anadromous,,juvenile,Water ,3.4,Gross et al. 2021,
red snapper,Lutjanus campechanus,Lutjanidae,marine,USA,30,28,93,Y,,VU,piscivory; invertivory,resident,403,,Fisheries Research,2.4,Froehlich et al. 2021,
lake sturgeon,Acipenser fulvescens,Acipenseridae,freshwater,USA,25,,,Y,,EN,invertivory,resident,1342.5,adult,Journal of Great Lakes Research,2.2,Izzo et al. 2021,
lionfish,Pterois miles,Scorpaenidae,marine,USA,40,35,88,N,,LC,piscivory,resident,230.7,,Marine Ecology Progress Series,2.6,Green et al. 2021,
bull trout,Salvelinus confluentus,Salmonidae,freshwater,USA,268,217,81,Y,,VU,filter feeder; inventivory,anadromous,472.75,adult; juveniles,Environmental Biology of Fishes,1.6,Goetz et al. 2021,
red snapper,Lutjanus campechanus,Lutjanidae,marine,USA,44,36,82,Y,,VU,piscivory; invertivory,resident,667,,Marine and Coastal Fisheries,1.7,Runde et al. 2021,
vermilion rockyfish,Sebastes miniatus,Sebastidae,marine,USA,55,37,67,,,NE,,resident,,,Marine Environmental Research,3.3,Burns et al. 2021,
hornyhead turbot,Pleuronichthys verticalis,Pleuronectidae,marine,USA,15,14,93,N,PA,LC,invertivory,resident,,,Marine Environmental Research,3.3,Burns et al. 2021,
white croaker,Genyonemus lineatus,Sciaenidae,marine,USA,82,48,59,N,,LC,piscivory; invertivory,resident,,,Marine Environmental Research,3.3,Burns et al. 2021,
red drum,Sciaenops ocellatus,Sciaenidae,marine,USA,67,59,88,Y,,LC,piscivory; invertivory,resident,533,,Marine and Coastal Fisheries,1.7,Nelson et al. 2021,
spotted seatrout,Cynoscion nebulosus,Sciaenidae,marine,USA,38,33,87,Y,,LC,piscivory; invertivory,resident,,,Marine and Coastal Fisheries,1.7,Nelson et al. 2021,
gulf sturgeon,Acipenser oxyrinchus,Acipenseridae,marine,USA,10,6,60,Y,,VU,invertivory,anadromous,1429,adult,Journal of Applied Ichthyology,1.2,Marbury et al. 2021,
walleye,Sander vitreus,Percidae,freshwater,USA,359,,,N,,LC,piscivory,resident,517.5,adult,Journal of Great Lakes Research,2.2,Turner et al. 2021,
sea bream,Archosargus rhomboidalis,Sparidae,marine,USA,27,18,67,N,PA,LC,omnivory,resident,222,adult,"Estuarine, Coastal and Shelf Science",2.8,Kendall et al. 2021,
deacon rockfish,Sebastes diaconus,Sebastidae,marine,USA,11,6,55,,,NE,filter feeder,,362,,Environmental Biology of Fishes,1.6,Rasmuson et al. 2021,
atlantic salmon,Salmo salar,Salmonidae,freshwater,USA,1611,,,N,,LC,piscivory; invertivory,anadromous,185,juvenile,Transactions of the American Fisheries Society,1.4,Molina-Moctezuma et al. 2021,
giant sea bass,Stereolepis gigas,Polyprionindae,marine,USA,34,32,94,Y,,CR,filter feeder,resident,,adult,Environmental Biology of Fishes,1.6,Clevestine & Lowe 2021,
grass carp,Ctenopharyngodon idella ,Xenocyprididae,freshwater,USA,70,27,39,N,,LC,herbivory,resident,917,adult,North American Journal of Fisheries Management,1.1,Harris et al. 2021,
muskellunge,Esox masquinongy,Esocidae,freshwater,USA,133,58,44,N,,LC,piscivory,resident,1007,,Journal of Great Lakes Research,2.2,Hessenauer et al. 2021,
white shark,Carcharodon carcharias,Lamnidae,marine,USA,18,,,Y,,VU,piscivory,resident,1563,juvenile,Frontiers in Marine Science,3.7,Shaw et al. 2021,
silver carp,Hypophthalmichthys molitrix ,Xenocyprididae,freshwater,USA,116,53,46,N,,NT,filter feeder,resident,,,Biological Invasions,3.1,Fritts et al. 2021,
bighead carp,Hypophthalmichthys nobilis ,Xenocyprididae,freshwater,USA,99,38,38,N,,DD,filter feeder,resident,,,Biological Invasions,3.1,Fritts et al. 2021,
grass carp,Ctenopharyngodon idella ,Xenocyprididae,freshwater,USA,47,18,38,N,,LC,herbivory,resident,,,Biological Invasions,3.1,Fritts et al. 2021,
lake sturgeon,Acipenser fulvescens,Acipenseridae,freshwater,USA,56,26,46,Y,,EN,invertivory,resident,,,Biological Invasions,3.1,Fritts et al. 2021,
bigmouth buffalo,Ictiobus cyprinellus,Catostomidae,freshwater,USA,24,11,46,N,,LC,filter feeder,resident,,,Biological Invasions,3.1,Fritts et al. 2021,
paddlefish,Polyodon spathula,Polyodontidae,freshwater,USA,45,28,62,Y,,VU,filter feeder,resident,,,Biological Invasions,3.1,Fritts et al. 2021,
blue sucker,Cycleptus elongatus,Catostomidae,freshwater,USA,23,4,17,Y,PA,LC,,resident,,,Biological Invasions,3.1,Fritts et al. 2021,
Flathead catfish,Pylodictis olivaris,Ictaluridae,freshwater,USA,25,4,16,N,,LC,piscivory,resident,,,Biological Invasions,3.1,Fritts et al. 2021,
channel catfish,Ictalurus punctatus,Ictaluridae,freshwater,USA,20,3,15,N,,LC,piscivory; invertivory,resident,,,Biological Invasions,3.1,Fritts et al. 2021,
American eel,Anguilla rostrata,Anguillidae,freshwater,USA,2,1,50,Y,,EN,piscivory; invertivory,catadromous,,,Biological Invasions,3.1,Fritts et al. 2021,
walleye,Sander vitreus,Percidae,freshwater,USA,17,0,0,N,,LC,piscivory,resident,,,Biological Invasions,3.1,Fritts et al. 2021,
sauger,Sander canadensis,Percidae,freshwater,USA,3,0,0,N,,LC,piscivory,resident,,,Biological Invasions,3.1,Fritts et al. 2021,
blue catfish,Ictalurus furcatus,Ictaluridae,marine,USA,1,0,0,N,,LC,piscivory; invertivory,resident,,,Biological Invasions,3.1,Fritts et al. 2021,
Aligator Gar,Atractosteus spatula,Lepisosteidae,freshwater,USA,16,15,94,Y,,LC,piscivory,resident,1713,,North American Journal of Fisheries Management,1.1,Lochman et al. 2021,
American shad,Alosa spaidissima,Culpeidae,freshwater,USA,266,212,80,Y,,LC,filter feeder,anadromous,494,adult; juveniles,North American Journal of Fisheries Management,1.1,Mack et al. 2021,
Whitespotted eagle ray,Aetobatus narinari,Aetobatidae,marine,USA,54,30,56,N,,EN,invertivory,resident,1485,,Marine Biology,2.5,DeGroot et al. 2021,
grass carp,Ctenopharyngodon idella ,Xenocyprididae,freshwater,USA,50,23,46,N,,LC,herbivory,resident,909,adult,Journal of Great Lakes Research,2.2,Harris et al. 2021,
common snook,Centropomus undecimalis,Centropomidae,freshwater,USA,83,41,49,Y,,LC,piscivory,amphidromus,844.1,adult,Marine Ecology Progress Series,2.6,Ault et al. 2021,
atlantic sturgeon,Acipenser oxyrinchus,Acipenseridae,freshwater,USA,50,38,76,Y,,VU,invertivory,anadromous,,juvenile,Fishery Bulletin,0.8,Fox et al. 2021,
atlantic sturgeon,Acipenser oxyrinchus,Acipenseridae,freshwater,USA,74,,,Y,,VU,invertivory,anadromous,1371,,Journal of Nortwest Atlantic Fishery Science,0.67,Flanigan et al. 2021,
walleye,Sander vitreus,Percidae,freshwater,USA,357,,,N,,LC,piscivory,resident,,adult,Canadian Journal of Fisheries and Aquatic Sciences,2.5,Munaweera et al. 2021,
American eel,Anguilla rostrata,Anguillidae,freshwater,USA,355,341,96,Y,,EN,piscivory; invertivory,catadromous,615,,Canadian Journal of Fisheries and Aquatic Sciences,2.5,Mesinger et al. 2021,
Chinook salmon,Oncorhynchus tshawytscha,Salmonidae,freshwater,USA,29,17,59,Y,,NE,piscivory; invertivory,anadromous,510,,Canadian Journal of Fisheries and Aquatic Sciences,2.5,Ivanova et al. 2021,
Chinook salmon,Oncorhynchus tshawytscha,Salmonidae,freshwater,USA,4635,3418,74,Y,,NE,piscivory; invertivory,anadromous,,juvenile,San Francisco Estuary and Watershed Science,1.9,Romine et al. 2021,
Atlantic tarpon,Megalops atlanticus,Megalopidae,marine,USA,34,,,N,,VU,piscivory,resident,,,Marine Ecology Progress Series,2.6,Friess et al. 2021,
blacktip shark,Carcharhinus limbatus,Carcharhinidae,marine,USA,17,,,Y,,VU,piscivory,resident,,,Marine Ecology Progress Series,2.6,Friess et al. 2021,
bonnethead,Sphyrna tiburo,Sphyrnidae,marine,USA,4,,,Y,,EN,piscivory; invertivory,resident,,,Marine Ecology Progress Series,2.6,Friess et al. 2021,
bull shark,Carcharhinus leucas,Carcharhinidae,marine,USA,40,,,Y,,VU,piscivory,resident,,,Marine Ecology Progress Series,2.6,Friess et al. 2021,
cobia,Rachycentron canadum,Rachycentridae,marine,USA,18,,,N,,LC,piscivory; invertivory,resident,,,Marine Ecology Progress Series,2.6,Friess et al. 2021,
common snook,Centropomus undecimalis,Centropomidae,marine,USA,126,,,Y,,LC,piscivory,amphidromus,,,Marine Ecology Progress Series,2.6,Friess et al. 2021,
gafftopsail catfish,Bagre marinus,Ariidae,marine,USA,12,,,N,PA,LC,omnivory,resident,,,Marine Ecology Progress Series,2.6,Friess et al. 2021,
Gag grouper,Mycteroperca microlepsis,Epinephelidae,marine,USA,29,,,Y,PA,VU,piscivory; invertivory,resident,,,Marine Ecology Progress Series,2.6,Friess et al. 2021,
goliath grouper,Epinephelus itajara,Epinephelidae,marine,USA,14,,,Y,,VU,piscivory; invertivory,resident,,,Marine Ecology Progress Series,2.6,Friess et al. 2021,
gray snapper,Lutjanus griseus,Lutjanidae,marine,USA,44,,,Y,,LC,piscivory; invertivory,resident,,,Marine Ecology Progress Series,2.6,Friess et al. 2021,
great hammerhead,Sphyrna mokarran,Sphyrnidae,marine,USA,5,,,Y,,CR,piscivory,resident,,,Marine Ecology Progress Series,2.6,Friess et al. 2021,
greater amberjack,Seriola dumerili,Carangidae,marine,USA,17,,,Y,,LC,piscivory; invertivory,resident,,,Marine Ecology Progress Series,2.6,Friess et al. 2021,
gray tiggerfish,Balistes capriscus,Balistidae,marine,USA,13,,,Y,,VU,invertivory,resident,,,Marine Ecology Progress Series,2.6,Friess et al. 2021,
gulf sturgeon,Acipenser oxyrinchus,Acipenseridae,marine,USA,82,,,Y,,VU,invertivory,anadromous,,,Marine Ecology Progress Series,2.6,Friess et al. 2021,
Hardhead catfish,Ariopsis felis,Ariidae,marine,USA,8,,,N,,LC,omnivory,resident,,,Marine Ecology Progress Series,2.6,Friess et al. 2021,
largemouth bass,Micropterus salmonides,Centrarchidae,marine,USA,45,,,N,,LC,piscivory,resident,,,Marine Ecology Progress Series,2.6,Friess et al. 2021,
lemon shark,Negaprion brevirostris,Carcharhinidae,marine,USA,2,,,Y,,VU,piscivory,resident,,,Marine Ecology Progress Series,2.6,Friess et al. 2021,
nurse shark,Ginglymostoma cirratum,Ginglymostomatidae,marine,USA,1,,,Y,,VU,piscivory; invertivory,resident,,,Marine Ecology Progress Series,2.6,Friess et al. 2021,
red drum,Sciaenops ocellatus,Sciaenidae,marine,USA,44,,,Y,,LC,piscivory; invertivory,resident,,,Marine Ecology Progress Series,2.6,Friess et al. 2021,
red grouper,Epinephelus morio,Epinephlidae,marine,USA,26,,,Y,,VU,piscivory; invertivory,resident,,,Marine Ecology Progress Series,2.6,Friess et al. 2021,
Sandbar shark,Carcharhinus plumbeus,Carcharhinidae,marine,USA,2,,,Y,,EN,piscivory,resident,,,Marine Ecology Progress Series,2.6,Friess et al. 2021,
scamp,Mycteroperca phenax,Epinephelidae,marine,USA,2,,,Y,,DD,piscivory,resident,,,Marine Ecology Progress Series,2.6,Friess et al. 2021,
sheepshead,Archosargus probatocephalus,Sparidae,marine,USA,1,,,Y,,LC,invertivory,resident,,,Marine Ecology Progress Series,2.6,Friess et al. 2021,
smalltooth sawfish,Pristis pectinata,Pristidae,marine,USA,163,,,Y,,CR,piscivory,resident,,,Marine Ecology Progress Series,2.6,Friess et al. 2021,
southern kingfish,Mentricirrhus americanus,Sciaenidae,marine,USA,3,,,N,,LC,piscivory; invertivory,resident,,,Marine Ecology Progress Series,2.6,Friess et al. 2021,
tiger shark,Galeocerdo cuvier,Carcharhinidae,marine,USA,3,,,N,,NT,piscivory,resident,,,Marine Ecology Progress Series,2.6,Friess et al. 2021,
white shark,Carcharodon carcharias,Lamnidae,marine,USA,11,,,Y,,VU,piscivory,resident,,,Marine Ecology Progress Series,2.6,Friess et al. 2021,
Whitespotted eagle ray,Aetobatus narinari,Aetobatidae,marine,USA,33,,,N,,EN,invertivory,resident,,,Marine Ecology Progress Series,2.6,Friess et al. 2021,
common snook,Centropomus undecimalis,Centropomidae,freshwater,USA,74,,,Y,,LC,piscivory,amphidromus,,,Ecosphere,2.7,Rezek et al. 2020,
black sea bass,Centropristis striata,Serranidae,marine,USA,143,,,Y,,LC,invertivory,resident,258,,PlosONE,3.7,Wiernicki et al. 2020,
Chinook salmon,Oncorhynchus tshawytscha,Salmonidae,freshwater,USA,1205,1162,96,Y,,NE,piscivory; invertivory,anadromous,138.5,,Environmental Biology of Fishes,1.6,Steel et al. 2020,
striped mullet,Mugil cephalus,Mugilidae,marine,USA,32,18,56,Y,PA,LC,filter feeder,resident,313,adult,Marine and Coastal Fisheries,1.7,Myers et al. 2020,
black gropuer,Mycteroperca bonaci,Epinephelidae,marine,USA,10,8,80,Y,,NT,piscivory,resident,633,adult; juveniles,Marine and Coastal Fisheries,1.7,Keller et al. 2020,
Nassau grouper,Epinephelus striatus,Epinephelidae,marine,USA,5,5,100,Y,,CR,piscivory,resident,564,adult; juveniles,Marine and Coastal Fisheries,1.7,Keller et al. 2020,
Gag grouper,Mycteroperca microlepsis,Epinephelidae,marine,USA,2,2,100,Y,PA,VU,piscivory; invertivory,resident,680,adult; juveniles,Marine and Coastal Fisheries,1.7,Keller et al. 2020,
yellowfin grouper,Mycteroperca venenosa,Epinephelidae,marine,USA,1,1,100,N,,NT,piscivory,resident,570,adult; juveniles,Marine and Coastal Fisheries,1.7,Keller et al. 2020,
American shad,Alosa spaidissima,Culpeidae,freshwater,USA,98,59,60,Y,,LC,filter feeder,anadromous,486.5,adult,Marine and Coastal Fisheries,1.7,Gahagan & Bailey 2020,
weakfish,Cynoscion regalis,Sciaenidae,marine,USA,342,284,83,Y,,EN,piscivory; invertivory,resident,361,,Marine and Coastal Fisheries,1.7,Krause et al. 2020,
lake sturgeon,Acipenser fulvescens,Acipenseridae,freshwater,USA,21,,,Y,,EN,invertivory,resident,1454,adult,Journal of Applied Ichthyology,1.2,Harris et al. 2020,
yellowtail snapper,Ocyurus chrysurus,Lutjanidae,marine,USA,15,8,53,N,MPA,DD,piscivory; invertivory,resident,294,,Marine and Coastal Fisheries,1.7,Novak et al. 2020,
red snapper,Lutjanus campechanus,Lutjanidae,marine,USA,71,59,83,Y,,VU,piscivory; invertivory,resident,563,,Marine Ecology Progress Series,2.6,Everett et al. 2020,
red drum,Sciaenops ocellatus,Sciaenidae,marine,USA,33,,,Y,,LC,piscivory; invertivory,resident,724,,Global Ecology and Conservation,4,Reyier et al. 2020,
black drum,Pogonias cromis,Sciaenidae,marine,USA,30,,,N,,LC,piscivory; invertivory,resident,668,,Global Ecology and Conservation,4,Reyier et al. 2020,
seatrout,Cynoscion nebulosus,Sciaenidae,marine,USA,23,,,Y,,LC,piscivory; invertivory,resident,422,,Global Ecology and Conservation,4,Reyier et al. 2020,
yellow perch,Perca flavescens,Percidae,freshwater,USA,60,19,32,N,,LC,piscivory; invertivory,resident,146.5,,Animal Biotelemetry,2.7,Weinz et al. 2020,
lionfish,Pterois miles,Scorpaenidae,marine,USA,20,20,100,N,,LC,piscivory,resident,339,,Marine Biology,2.5,Dahl & Patterson 2020,
blue sucker,Cycleptus elongatus,Catostomidae,freshwater,USA,120,66,55,Y,PA,LC,,resident,572,adult,Journal of Fish Biology,2,Dyer & Brewer 2020,
common snook,Centropomus undecimalis,,freshwater,USA,22,16,73,Y,,LC,piscivory,amphidromus,557,adult,Estuaries and Coasts,2.8,Massie et al. 2020,
striped bass,Morone saxatilis,Moronidae,marine,USA,315,129,41,N,,LC,piscivory,resident,86.625,adult,PlosONE,3.7,Rothermel et al. 2020,
atlantic sturgeon,Acipenser oxyrinchus,Acipenseridae,marine,USA,352,174,49,Y,,VU,invertivory,anadromous,205,adult,PlosONE,3.7,Rothermel et al. 2020,
Chinook salmon,Oncorhynchus tshawytscha,Salmonidae,freshwater,USA,189,135,71,Y,,NE,piscivory; invertivory,anadromous,,adult,Marine Ecology Progress Series,2.6,Rub & Sandford 2020,
rainbow trout,Oncorhynchus mykiss,Salmonidae,freshwater,USA,35,26,74,N,,NE,piscivory; invertivory,anadromous,175,juvenile,Environmental Biology of Fishes,1.6,Huber & Carlson 2020,
green sturgeon,Acipenser medirostris,Acipenseridae,marine,USA,41,41,100,Y,,EN,invertivory,anadromous,1245,adult; juveniles,Environmental Biology of Fishes,1.6,Miller et al. 2020,
white sturgeon,Acipenser transmontanus,Acipenseridae,freshwater,USA,160,151,94,Y,,VU,piscivory; invertivory,anadromous,1245,adult; juveniles,Environmental Biology of Fishes,1.6,Miller et al. 2020,
Chinook salmon,Oncorhynchus tshawytscha,Salmonidae,freshwater,USA,1097,,,Y,,NE,piscivory; invertivory,anadromous,86.88,juvenile,Environmental Biology of Fishes,1.6,Singer et al. 2020,
striped bass,Morone saxatilis,Moronidae,marine,USA,100,,,N,,LC,piscivory,resident,,adult; juveniles,PlosONE,3.7,Secor et al. 2020,
Chinook salmon,Oncorhynchus tshawytscha,Salmonidae,freshwater,USA,300,170,57,Y,,NE,piscivory; invertivory,anadromous,84.55,juvenile,Environmental Biology of Fishes,1.6,Zeug et al. 2020,
Chinook salmon,Oncorhynchus tshawytscha,Salmonidae,freshwater,USA,334,,,Y,,NE,piscivory; invertivory,anadromous,85.38333333,juvenile,Environmental Biology of Fishes,1.6,Notch et al. 2020,
Chinook salmon,Oncorhynchus tshawytscha,Salmonidae,freshwater,USA,3016,77,3,N,,NE,piscivory; invertivory,anadromous,109.6,juvenile,Environmental Biology of Fishes,1.6,Buchanan & Skalski 2020,
pacific lamprey,Entosphenus tridentatus,Petromyzontidae,marine,USA,784,770,98,Y,,LC,parasitic,anadromous,,,North American Journal of Fisheries Management,1.1,Keefer et al. 2020,
muskellunge,Esox masquinongy,Esocidae,freshwater,USA,38,,,N,,LC,piscivory,resident,165.5,juvenile,Ecology of Freshwater Fish,1.8,Walton-Rabideau et al. 2020,
nothern pike,Esox lucius,Esocidae,freshwater,USA,38,,,N,,LC,piscivory,resident,260,juvenile,Ecology of Freshwater Fish,1.8,Walton-Rabideau et al. 2020,
sea lamprey,Petromyzon marinus,Petromyzontidae,freshwater,USA,27,27,100,N,,LC,parasitic; filter feeders,anadromous,505,,Animal Biotelemetry,2.7,Lowe et al. 2020,
lake trout,Salvelinus namaycush,Salmonidae,freshwater,USA,344,317,92,N,,NE,piscivory; invertivory,resident,554,,Conservation Science and Practice,3.25,Gutowsky et al. 2020,
red drum,Sciaenops ocellatus,Sciaenidae,marine,USA,79,69,87,Y,,LC,piscivory; invertivory,resident,420,,Marine and Coastal Fisheries,1.7,Nelson & Powers 2020,
permit,Trachinotus falcatus,Carangidae,marine,USA,101,45,45,N,,LC,piscivory; invertivory,resident,,,Marine Ecology Progress Series,2.6,Brownscombe et al. 2020,
smallmouth bass,Micropterus dolomieu,Centrarchidae,freshwater,USA,23,19,83,N,,LC,piscivory,resident,466,adult,Journal of Great Lakes Research,2.2,Slagle et al. 2020,
Chinook salmon,Oncorhynchus tshawytscha,Salmonidae,freshwater,USA,2525,,,Y,,NE,piscivory; invertivory,anadromous,,juvenile,San Francisco Estuary and Watershed Science,1.9,Hance et al. 2020,
lake sturgeon,Acipenser fulvescens,Acipenseridae,freshwater,USA,216,44,20,Y,,EN,invertivory,resident,417,juvenile,Canadian Journal of Fisheries and Aquatic Sciences,2.5,Hegna et al. 2020,
red drum,Sciaenops ocellatus,Sciaenidae,marine,USA,31,28,90,Y,,LC,piscivory; invertivory,resident,628,adult; juveniles,Marine Ecology Progress Series,2.6,Burnsed et al. 2020,
southern flounder,Paralichthys lethostigma,Paralichthyidae,marine,USA,271,231,85,Y,,NT,piscivory; invertivory,resident,439.5,,Canadian Journal of Fisheries and Aquatic Sciences,2.5,Schaffel et al. 2020,
lake sturgeon,Acipenser fulvescens,Acipenseridae,freshwater,USA,283,247,87,Y,,EN,invertivory,resident,1221.4,adult,Ecosphere,2.7,Colborne et al. 2019,
Atlantic cod,Gadus morhua,Gadidae,marine,USA,317,294,93,N,,VU,piscivory,resident,665,adult,ICES Journal of Marine Science,3.5,Zemeckies et al. 2019,
walleye,Sander vitreus,Percidae,freshwater,USA,492,22,4,N,,LC,piscivory,resident,560,adult,Journal of Great Lakes Research,2.2,Hayden et al. 2019,
Pacific sanddab,Citharichthys sordidus,Cyclopsettidae,marine,USA,59,,,Y,,LC,invertivory,resident,241,,Marine Pollution Bulletin,5.8,Burns et al. 2019,
hornyhead turbot,Pleuronichthys verticalis,Pleuronectidae,marine,USA,17,,,N,,LC,invertivory,resident,209,,Marine Pollution Bulletin,5.8,Burns et al. 2019,
English sole,Parophrys vetulus,Pleuronectidae,marine,USA,15,,,Y,,LC,invertivory,resident,265.2,,Marine Pollution Bulletin,5.8,Burns et al. 2019,
Vermilion rockfish,Sebastes miniatus,Sebastidae,marine,USA,52,,,,,NE,,resident,323,,Marine Pollution Bulletin,5.8,Burns et al. 2019,
Chinook salmon,Oncorhynchus tshawytscha,Salmonidae,freshwater,USA,799,613,77,Y,,NE,piscivory; invertivory,anadromous,,,Fisheries Research,2.4,Maxwell et al. 2019,
kelp bass,Paralabrax clathratus,Serranidae,marine,USA,45,30,67,Y,,LC,piscivory; invertivory,resident,311,,Fisheries Management and Ecology,2,Logan & Lowe 2019,
barred sand bass,Paralabrax nebulifer,Serranidae,marine,USA,45,24,53,Y,,LC,piscivory; invertivory,resident,326,,Fisheries Management and Ecology,2,Logan & Lowe 2019,
California sheephead,Semicossyphus pulcher ,Labridae,marine,USA,45,38,84,Y,,VU,invertivory,resident,357,,Fisheries Management and Ecology,2,Logan & Lowe 2019,
gray tiggerfish,Balistes capriscus,Balistidae,marine,USA,30,24,80,Y,,VU,invertivory,resident,291,,Scientific Reports,4.6,Becheler et al. 2019,
striped bass,Morone saxatilis,Moronidae,marine,USA,59,,,N,,LC,piscivory,resident,524,adult,Marine Ecology Progress Series,2.6,Taylor et al. 2019,
sablefish,Anoplopoma fimbria,Anoplopomatidae,marine,USA,108,103,95,,,NE,piscivory; invertivory,resident,,juvenile,OCEANS 2019 MTS/IEEE Seattle,,Staines et al. 2019,
red snapper,Lutjanus campechanus,Lutjanidae,marine,USA,55,,,Y,,VU,piscivory; invertivory,resident,532,adult,Journal of Experimental Marine Biology and Ecology,2,Getz & Kline 2019,
spottec seatrout,Cynoscion nebulosus,Sciaenidae,marine,USA,43,41,95,Y,,LC,piscivory; invertivory,resident,448.4,adult,Marine Ecology Progress Series,2.6,Zarada er al. 2019,
green sturgeon,Acipenser medirostris,Acipenseridae,marine,USA,6,5,83,Y,,EN,invertivory,anadromous,551.4,juvenile,Environmental Biology of Fishes,1.6,Thomas et al. 2019,
American shad,Alosa spaidissima,Culpeidae,freshwater,USA,120,,,Y,,LC,filter feeder,anadromous,481,,Transactions of the American Fisheries Society,1.4,Raabe et al. 2019,
Flathead catfish,Pylodictis olivaris,Ictaluridae,freshwater,USA,40,,,N,,LC,piscivory,resident,746,,Transactions of the American Fisheries Society,1.4,Raabe et al. 2019,
Chinook salmon,Oncorhynchus tshawytscha,Salmonidae,freshwater,USA,19,,0,Y,,NE,piscivory; invertivory,anadromous,230,juvenile,Applied Sciences,2.9,Eier et al. 2019,
permit,Trachinotus falcatus,Carangidae,marine,USA,42,27,64,N,,LC,piscivory; invertivory,resident,,,Marine Policy,3.8,Brownscombe et al. 2019,
june sucker ,Chasmites liorus mictus,Catostomidae,freshwater,USA,88,86,98,Y,,CR,invertivory,resident,235.3333333,juvenile,Western North American Naturalist,0.484,Ehlo et al. 2019,
walleye,Sander vitreus,Percidae,freshwater,USA,39,20,51,N,,LC,piscivory,resident,,,Transactions of the American Fisheries Society,1.4,Gorman et al. 2019,
common snook,Centropomus undecimalis,Centropomidae,freshwater,USA,96,82,85,Y,,LC,piscivory,amphidromus,719,,Fisheries Research,2.4,Boucek et al. 2019,
red drum,Sciaenops ocellatus,Sciaenidae,marine,USA,120,92,77,Y,,LC,piscivory; invertivory,resident,,adult,ICES Journal of Marine Science,3.5,Lowerre-Barbieri et al. 2019,
black sea bass,Acathopagrus schlegelii,Sparidae,marine,USA,45,44,98,N,,LC,omnivory,resident,265.6,,ICES Journal of Marine Science,3.5,Secor et al. 2019,
paddlefish,Polyodon spathula,Polyodontidae,freshwater,USA,113,110,97,Y,,VU,filter feeder,resident,,adult,North American Journal of Fisheries Management,1.1,Schwinghamer et al. 2019,
red drum,Sciaenops ocellatus,Sciaenidae,marine,USA,11,8,73,Y,,LC,piscivory; invertivory,resident,581,adult,Fisheries Research,2.4,Hall et al. 2019,
striped bass,Morone saxatilis,Moronidae,marine,USA,101,63,62,N,,LC,piscivory,resident,488,,Estuaries and Coasts,2.8,Sabal et al. 2019,
green sturgeon,Acipenser medirostris,Acipenseridae,marine,USA,134,89,66,Y,,EN,invertivory,anadromous,1717,adult,Environmental Biology of Fishes,1.6,Chapman et al. 2019,
walleye,Sander vitreus,Percidae,freshwater,USA,337,147,44,N,,LC,piscivory,resident,599,adult,Canadian Journal of Fisheries and Aquatic Sciences,2.5,Bade et al. 2019,
Chinook salmon,Oncorhynchus tshawytscha,Salmonidae,freshwater,USA,1709,,,Y,,NE,piscivory; invertivory,anadromous,,juvenile,Canadian Journal of Fisheries and Aquatic Sciences,2.5,Henderson et al. 2019,
walleye,Sander vitreus,Percidae,freshwater,USA,30,,0,N,,LC,piscivory,resident,469,adult,Canadian Journal of Fisheries and Aquatic Sciences,2.5,Faust et al. 2019,
queen triggerfish,Balistes vetula,Balistidae,marine,USA,60,65,108,Y,,NT,invertivory,resident,324,,Marine Ecology Progress Series,2.6,Bryan et al. 2019,
shortnose sturgeon,Acipenser brevirostrum,Acipenseridae,marine,USA,101,97,96,Y,,VU,invertivory,anadromous,739.8,adult,Transactions of the American Fisheries Society,1.4,Pendleton et al. 2019,
red snapper,Lutjanus campechanus,Lutjanidae,marine,USA,15,13,87,Y,,VU,piscivory; invertivory,resident,419,,Fisheries Research,2.4,Froehlich et al. 2019,